-- MySQL dump 10.16  Distrib 10.1.32-MariaDB, for Win32 (AMD64)
--
-- Host: localhost    Database: db_boot_movie
-- ------------------------------------------------------
-- Server version	10.1.32-MariaDB

/*!40101 SET @OLD_CHARACTER_SET_CLIENT=@@CHARACTER_SET_CLIENT */;
/*!40101 SET @OLD_CHARACTER_SET_RESULTS=@@CHARACTER_SET_RESULTS */;
/*!40101 SET @OLD_COLLATION_CONNECTION=@@COLLATION_CONNECTION */;
/*!40101 SET NAMES utf8 */;
/*!40103 SET @OLD_TIME_ZONE=@@TIME_ZONE */;
/*!40103 SET TIME_ZONE='+00:00' */;
/*!40014 SET @OLD_UNIQUE_CHECKS=@@UNIQUE_CHECKS, UNIQUE_CHECKS=0 */;
/*!40014 SET @OLD_FOREIGN_KEY_CHECKS=@@FOREIGN_KEY_CHECKS, FOREIGN_KEY_CHECKS=0 */;
/*!40101 SET @OLD_SQL_MODE=@@SQL_MODE, SQL_MODE='NO_AUTO_VALUE_ON_ZERO' */;
/*!40111 SET @OLD_SQL_NOTES=@@SQL_NOTES, SQL_NOTES=0 */;

--
-- Table structure for table `ylrc_area`
--

DROP TABLE IF EXISTS `ylrc_area`;
/*!40101 SET @saved_cs_client     = @@character_set_client */;
/*!40101 SET character_set_client = utf8 */;
CREATE TABLE `ylrc_area` (
  `id` bigint(20) NOT NULL AUTO_INCREMENT,
  `create_time` datetime NOT NULL,
  `update_time` datetime NOT NULL,
  `city_id` bigint(20) DEFAULT NULL,
  `name` varchar(32) NOT NULL,
  `province_id` bigint(20) DEFAULT NULL,
  `is_show` bit(1) DEFAULT NULL,
  PRIMARY KEY (`id`)
) ENGINE=InnoDB AUTO_INCREMENT=39 DEFAULT CHARSET=utf8;
/*!40101 SET character_set_client = @saved_cs_client */;

--
-- Dumping data for table `ylrc_area`
--

LOCK TABLES `ylrc_area` WRITE;
/*!40000 ALTER TABLE `ylrc_area` DISABLE KEYS */;
INSERT INTO `ylrc_area` VALUES (1,'2020-09-06 16:10:08','2020-09-19 13:10:50',NULL,'上海',NULL,''),(2,'2020-09-06 16:15:55','2020-09-06 16:15:55',NULL,'北京',NULL,''),(3,'2020-09-06 16:16:08','2020-09-19 13:12:00',NULL,'江苏',NULL,''),(5,'2020-09-06 16:18:10','2020-09-19 13:11:11',NULL,'上海市',1,''),(6,'2020-09-06 16:28:24','2020-09-06 18:04:04',5,'浦东新区',1,''),(7,'2020-09-06 16:29:22','2020-09-06 17:11:43',NULL,'北京市',2,''),(8,'2020-09-06 16:29:32','2020-09-06 16:29:32',NULL,'南京',3,''),(11,'2020-09-06 17:20:42','2020-09-06 17:21:52',5,'徐汇区',1,''),(12,'2020-09-06 17:22:30','2020-09-06 17:22:30',5,'黄浦区',1,''),(13,'2020-09-06 17:22:43','2020-09-06 17:22:43',5,'长宁区',1,''),(14,'2020-09-06 17:22:54','2020-09-06 17:22:54',5,'静安区',1,''),(15,'2020-09-06 17:23:08','2020-09-06 17:23:08',5,'普陀区',1,''),(16,'2020-09-06 17:23:18','2020-09-06 17:23:18',5,'虹口区',1,''),(17,'2020-09-06 17:23:31','2020-09-06 17:23:31',5,'杨浦区',1,''),(18,'2020-09-06 17:23:44','2020-09-06 17:23:44',5,'闵行区',1,''),(19,'2020-09-06 17:23:57','2020-09-06 17:23:57',5,'宝山区',1,''),(20,'2020-09-06 17:24:09','2020-09-06 17:24:09',5,'嘉定区',1,''),(21,'2020-09-06 17:24:19','2020-09-06 17:24:19',5,'金山区',1,''),(22,'2020-09-06 17:24:32','2020-09-06 17:24:32',5,'松江区',1,''),(23,'2020-09-06 17:24:46','2020-09-06 17:24:46',5,'青浦区',1,''),(24,'2020-09-06 17:25:01','2020-09-06 17:25:01',5,'奉贤区',1,''),(25,'2020-09-06 17:25:12','2020-09-06 17:25:12',5,'崇明区',1,''),(26,'2020-09-06 17:25:48','2020-09-06 17:25:48',7,'朝阳区',2,''),(27,'2020-09-06 18:00:57','2020-09-06 18:00:57',7,'宣武区',2,''),(28,'2020-09-06 18:01:15','2020-09-06 18:01:15',NULL,'苏州',3,''),(29,'2020-09-06 18:01:32','2020-09-19 13:11:40',NULL,'无锡',3,''),(30,'2020-09-06 18:01:47','2020-09-06 18:01:47',8,'鼓楼区',3,''),(31,'2020-09-19 13:00:54','2020-09-19 13:00:54',NULL,'徐州',3,''),(32,'2020-09-19 13:01:10','2020-09-19 13:01:10',NULL,'昆山',3,''),(33,'2020-09-19 13:01:50','2020-09-19 13:01:50',NULL,'常州',3,''),(34,'2020-09-19 13:01:59','2020-09-19 13:01:59',NULL,'南通',3,''),(35,'2020-09-19 13:02:13','2020-09-19 13:02:13',NULL,'镇江',3,''),(36,'2020-09-19 13:02:25','2020-09-19 13:02:25',NULL,'泰州',3,''),(37,'2020-09-19 13:02:41','2020-09-19 13:02:41',NULL,'连云港',3,''),(38,'2020-09-19 13:02:51','2020-09-19 13:02:51',NULL,'扬州',3,'');
/*!40000 ALTER TABLE `ylrc_area` ENABLE KEYS */;
UNLOCK TABLES;

--
-- Table structure for table `ylrc_cinema`
--

DROP TABLE IF EXISTS `ylrc_cinema`;
/*!40101 SET @saved_cs_client     = @@character_set_client */;
/*!40101 SET character_set_client = utf8 */;
CREATE TABLE `ylrc_cinema` (
  `id` bigint(20) NOT NULL AUTO_INCREMENT,
  `create_time` datetime NOT NULL,
  `update_time` datetime NOT NULL,
  `address` varchar(128) NOT NULL,
  `cinema_service` varchar(128) DEFAULT NULL,
  `info` varchar(1280) DEFAULT NULL,
  `name` varchar(64) NOT NULL,
  `picture` varchar(512) DEFAULT NULL,
  `rate` decimal(19,2) DEFAULT NULL,
  `tel` varchar(16) NOT NULL,
  `transport` varchar(128) DEFAULT NULL,
  `area_id` bigint(20) DEFAULT NULL,
  PRIMARY KEY (`id`),
  KEY `FK3rbe1c2ae9xlnyokjqgol32ky` (`area_id`),
  CONSTRAINT `FK3rbe1c2ae9xlnyokjqgol32ky` FOREIGN KEY (`area_id`) REFERENCES `ylrc_area` (`id`)
) ENGINE=InnoDB AUTO_INCREMENT=7 DEFAULT CHARSET=utf8;
/*!40101 SET character_set_client = @saved_cs_client */;

--
-- Dumping data for table `ylrc_cinema`
--

LOCK TABLES `ylrc_cinema` WRITE;
/*!40000 ALTER TABLE `ylrc_cinema` DISABLE KEYS */;
INSERT INTO `ylrc_cinema` VALUES (1,'2020-09-14 20:37:04','2020-09-14 21:04:38','上海上海市上海上海市人民北路2999号','_3D,Park,Card,Dining,ChildDiscount,ProductPackage,Rest','万达影城，牛逼的一塌糊涂！','松江万达影城','20200914/1600088570933.jpg',NULL,'021-743737363','地铁9号线2号口出',22),(2,'2020-09-14 21:05:57','2020-09-19 22:09:28','江苏南京江苏南京人民路123号','_3D,Card,ChildDiscount,Rest','很好的电影院！','苏宁影院（鼓楼店）','',NULL,'026-88454546','738路公交下',30),(3,'2020-09-19 22:11:14','2020-09-19 22:11:14','北京北京市朝阳大道001','_3D,Park,Card,Dining,ChildDiscount,ProductPackage,Rest','金逸影城MX4D（光美南昌绿地中心店）','金逸影城MX4D（光美南昌绿地中心店）','20200919/1600524631158.jpg',NULL,'010-5556623','地铁9号线2号口出',26),(4,'2020-09-19 22:13:15','2020-09-19 22:13:15','上海上海市青浦区华新镇华志路789号新尚生活广场5楼','_3D,Park,Card,Dining,ChildDiscount,ProductPackage,Rest','一米二以下儿童观影免票，需成人陪同，一名成人仅限携带一名儿童，3D电影不','上影青浦时光国际影城','20200919/1600524730476.jpg',NULL,'021-32583818','地铁9号线2号口出',23),(5,'2020-09-19 22:14:06','2020-09-19 22:14:06','上海上海市浦东新区陆家嘴世纪大道8号上海国金中心商场LG1-LG2层','_3D,Park,Card,Dining,ChildDiscount,ProductPackage,Rest','百丽宫影城（ifc商场店）','百丽宫影城（ifc商场店）','20200919/1600524805636.jpg',NULL,'021-31263886','地铁9号线2号口出',6),(6,'2020-09-19 22:15:48','2020-09-19 22:15:48','上海上海市浦东新区上南路4467号20号中房金谊广场北区1层','_3D,Park,Card,Dining,ChildDiscount,ProductPackage,Rest','金谊华夏影城（三林店）','金谊华夏影城（三林店）','20200919/1600524921262.jpg',NULL,'021-58583586-808','地铁11号线2号口出',6);
/*!40000 ALTER TABLE `ylrc_cinema` ENABLE KEYS */;
UNLOCK TABLES;

--
-- Table structure for table `ylrc_cinema_hall`
--

DROP TABLE IF EXISTS `ylrc_cinema_hall`;
/*!40101 SET @saved_cs_client     = @@character_set_client */;
/*!40101 SET character_set_client = utf8 */;
CREATE TABLE `ylrc_cinema_hall` (
  `id` bigint(20) NOT NULL AUTO_INCREMENT,
  `create_time` datetime NOT NULL,
  `update_time` datetime NOT NULL,
  `max_x` int(11) NOT NULL,
  `max_y` int(11) NOT NULL,
  `name` varchar(64) NOT NULL,
  `cinema_id` bigint(20) DEFAULT NULL,
  PRIMARY KEY (`id`),
  KEY `FKcpgl2ik7d1ilwpjkm3mk9a5kj` (`cinema_id`),
  CONSTRAINT `FKcpgl2ik7d1ilwpjkm3mk9a5kj` FOREIGN KEY (`cinema_id`) REFERENCES `ylrc_cinema` (`id`)
) ENGINE=InnoDB AUTO_INCREMENT=4 DEFAULT CHARSET=utf8;
/*!40101 SET character_set_client = @saved_cs_client */;

--
-- Dumping data for table `ylrc_cinema_hall`
--

LOCK TABLES `ylrc_cinema_hall` WRITE;
/*!40000 ALTER TABLE `ylrc_cinema_hall` DISABLE KEYS */;
INSERT INTO `ylrc_cinema_hall` VALUES (1,'2020-09-15 20:07:53','2020-09-16 20:03:02',8,9,'3D巨幕大厅',2),(3,'2020-09-16 21:47:28','2020-09-16 21:47:28',9,9,'1号巨幕影厅',1);
/*!40000 ALTER TABLE `ylrc_cinema_hall` ENABLE KEYS */;
UNLOCK TABLES;

--
-- Table structure for table `ylrc_cinema_hall_seat`
--

DROP TABLE IF EXISTS `ylrc_cinema_hall_seat`;
/*!40101 SET @saved_cs_client     = @@character_set_client */;
/*!40101 SET character_set_client = utf8 */;
CREATE TABLE `ylrc_cinema_hall_seat` (
  `id` bigint(20) NOT NULL AUTO_INCREMENT,
  `create_time` datetime NOT NULL,
  `update_time` datetime NOT NULL,
  `status` int(11) NOT NULL,
  `type` int(11) NOT NULL,
  `x` int(11) NOT NULL,
  `y` int(11) NOT NULL,
  `cinema_hall_id` bigint(20) DEFAULT NULL,
  PRIMARY KEY (`id`),
  KEY `FKmdwbvcb0bsjcx8qqpbgi46flo` (`cinema_hall_id`),
  CONSTRAINT `FKmdwbvcb0bsjcx8qqpbgi46flo` FOREIGN KEY (`cinema_hall_id`) REFERENCES `ylrc_cinema_hall` (`id`)
) ENGINE=InnoDB AUTO_INCREMENT=154 DEFAULT CHARSET=utf8;
/*!40101 SET character_set_client = @saved_cs_client */;

--
-- Dumping data for table `ylrc_cinema_hall_seat`
--

LOCK TABLES `ylrc_cinema_hall_seat` WRITE;
/*!40000 ALTER TABLE `ylrc_cinema_hall_seat` DISABLE KEYS */;
INSERT INTO `ylrc_cinema_hall_seat` VALUES (1,'2020-09-16 21:25:09','2020-09-16 21:53:10',1,1,1,1,1),(2,'2020-09-16 21:25:09','2020-09-16 21:53:10',1,1,2,1,1),(3,'2020-09-16 21:25:09','2020-09-16 21:53:10',1,1,3,1,1),(4,'2020-09-16 21:25:09','2020-09-16 21:53:10',1,2,4,1,1),(5,'2020-09-16 21:25:09','2020-09-16 21:53:10',1,2,5,1,1),(6,'2020-09-16 21:25:09','2020-09-16 21:53:10',1,1,6,1,1),(7,'2020-09-16 21:25:09','2020-09-16 21:53:10',1,1,7,1,1),(8,'2020-09-16 21:25:09','2020-09-16 21:53:10',1,1,8,1,1),(9,'2020-09-16 21:25:09','2020-09-16 21:53:10',1,1,1,2,1),(10,'2020-09-16 21:25:09','2020-09-16 21:53:10',1,1,2,2,1),(11,'2020-09-16 21:25:09','2020-09-16 21:53:10',1,2,3,2,1),(12,'2020-09-16 21:25:09','2020-09-16 21:53:10',1,1,4,2,1),(13,'2020-09-16 21:25:09','2020-09-16 21:53:10',1,1,5,2,1),(14,'2020-09-16 21:25:09','2020-09-16 21:53:10',1,2,6,2,1),(15,'2020-09-16 21:25:09','2020-09-16 21:53:10',1,1,7,2,1),(16,'2020-09-16 21:25:09','2020-09-16 21:53:10',1,1,8,2,1),(17,'2020-09-16 21:25:09','2020-09-16 21:53:10',1,1,1,3,1),(18,'2020-09-16 21:25:09','2020-09-16 21:53:10',1,2,2,3,1),(19,'2020-09-16 21:25:09','2020-09-16 21:53:10',0,1,3,3,1),(20,'2020-09-16 21:25:09','2020-09-16 21:53:10',0,1,4,3,1),(21,'2020-09-16 21:25:09','2020-09-16 21:53:10',0,1,5,3,1),(22,'2020-09-16 21:25:09','2020-09-16 21:53:10',0,1,6,3,1),(23,'2020-09-16 21:25:09','2020-09-16 21:53:10',1,2,7,3,1),(24,'2020-09-16 21:25:09','2020-09-16 21:53:10',1,1,8,3,1),(25,'2020-09-16 21:25:09','2020-09-16 21:53:10',1,2,1,4,1),(26,'2020-09-16 21:25:09','2020-09-16 21:53:10',0,1,2,4,1),(27,'2020-09-16 21:25:09','2020-09-16 21:53:10',1,1,3,4,1),(28,'2020-09-16 21:25:09','2020-09-16 21:53:10',1,1,4,4,1),(29,'2020-09-16 21:25:09','2020-09-16 21:53:10',1,1,5,4,1),(30,'2020-09-16 21:25:09','2020-09-16 21:53:10',1,1,6,4,1),(31,'2020-09-16 21:25:09','2020-09-16 21:53:10',0,1,7,4,1),(32,'2020-09-16 21:25:09','2020-09-16 21:53:10',1,2,8,4,1),(33,'2020-09-16 21:25:09','2020-09-16 21:53:10',1,2,1,5,1),(34,'2020-09-16 21:25:09','2020-09-16 21:53:10',0,1,2,5,1),(35,'2020-09-16 21:25:09','2020-09-16 21:53:10',1,1,3,5,1),(36,'2020-09-16 21:25:09','2020-09-16 21:53:10',1,1,4,5,1),(37,'2020-09-16 21:25:09','2020-09-16 21:53:10',1,1,5,5,1),(38,'2020-09-16 21:25:09','2020-09-16 21:53:10',1,1,6,5,1),(39,'2020-09-16 21:25:09','2020-09-16 21:53:10',0,1,7,5,1),(40,'2020-09-16 21:25:09','2020-09-16 21:53:10',1,2,8,5,1),(41,'2020-09-16 21:25:09','2020-09-16 21:53:10',1,2,1,6,1),(42,'2020-09-16 21:25:09','2020-09-16 21:53:10',0,1,2,6,1),(43,'2020-09-16 21:25:09','2020-09-16 21:53:10',1,1,3,6,1),(44,'2020-09-16 21:25:09','2020-09-16 21:53:10',1,1,4,6,1),(45,'2020-09-16 21:25:09','2020-09-16 21:53:10',1,1,5,6,1),(46,'2020-09-16 21:25:09','2020-09-16 21:53:10',1,1,6,6,1),(47,'2020-09-16 21:25:09','2020-09-16 21:53:10',0,1,7,6,1),(48,'2020-09-16 21:25:09','2020-09-16 21:53:10',1,2,8,6,1),(49,'2020-09-16 21:25:09','2020-09-16 21:53:10',1,2,1,7,1),(50,'2020-09-16 21:25:09','2020-09-16 21:53:10',0,1,2,7,1),(51,'2020-09-16 21:25:09','2020-09-16 21:53:10',1,1,3,7,1),(52,'2020-09-16 21:25:09','2020-09-16 21:53:10',1,1,4,7,1),(53,'2020-09-16 21:25:09','2020-09-16 21:53:10',1,1,5,7,1),(54,'2020-09-16 21:25:09','2020-09-16 21:53:10',1,1,6,7,1),(55,'2020-09-16 21:25:09','2020-09-16 21:53:10',0,1,7,7,1),(56,'2020-09-16 21:25:09','2020-09-16 21:53:10',1,2,8,7,1),(57,'2020-09-16 21:25:09','2020-09-16 21:53:10',1,1,1,8,1),(58,'2020-09-16 21:25:09','2020-09-16 21:53:10',1,2,2,8,1),(59,'2020-09-16 21:25:09','2020-09-16 21:53:10',1,1,3,8,1),(60,'2020-09-16 21:25:09','2020-09-16 21:53:10',1,1,4,8,1),(61,'2020-09-16 21:25:09','2020-09-16 21:53:10',1,1,5,8,1),(62,'2020-09-16 21:25:09','2020-09-16 21:53:10',1,1,6,8,1),(63,'2020-09-16 21:25:09','2020-09-16 21:53:10',1,2,7,8,1),(64,'2020-09-16 21:25:09','2020-09-16 21:53:10',1,1,8,8,1),(65,'2020-09-16 21:25:09','2020-09-16 21:53:10',1,1,1,9,1),(66,'2020-09-16 21:25:09','2020-09-16 21:53:10',1,1,2,9,1),(67,'2020-09-16 21:25:09','2020-09-16 21:53:10',1,2,3,9,1),(68,'2020-09-16 21:25:09','2020-09-16 21:53:10',1,2,4,9,1),(69,'2020-09-16 21:25:09','2020-09-16 21:53:10',1,2,5,9,1),(70,'2020-09-16 21:25:09','2020-09-16 21:53:10',1,2,6,9,1),(71,'2020-09-16 21:25:09','2020-09-16 21:53:10',1,1,7,9,1),(72,'2020-09-16 21:25:09','2020-09-16 21:53:10',1,1,8,9,1),(73,'2020-09-16 21:53:59','2020-09-16 21:53:59',1,1,1,1,3),(74,'2020-09-16 21:53:59','2020-09-16 21:53:59',1,1,2,1,3),(75,'2020-09-16 21:53:59','2020-09-16 21:53:59',1,1,3,1,3),(76,'2020-09-16 21:53:59','2020-09-16 21:53:59',1,1,4,1,3),(77,'2020-09-16 21:53:59','2020-09-16 21:53:59',1,1,5,1,3),(78,'2020-09-16 21:53:59','2020-09-16 21:53:59',1,1,6,1,3),(79,'2020-09-16 21:53:59','2020-09-16 21:53:59',1,1,7,1,3),(80,'2020-09-16 21:53:59','2020-09-16 21:53:59',1,1,8,1,3),(81,'2020-09-16 21:53:59','2020-09-16 21:53:59',1,1,9,1,3),(82,'2020-09-16 21:53:59','2020-09-16 21:53:59',1,1,1,2,3),(83,'2020-09-16 21:53:59','2020-09-16 21:53:59',1,1,2,2,3),(84,'2020-09-16 21:53:59','2020-09-16 21:53:59',1,1,3,2,3),(85,'2020-09-16 21:53:59','2020-09-16 21:53:59',1,1,4,2,3),(86,'2020-09-16 21:53:59','2020-09-16 21:53:59',1,1,5,2,3),(87,'2020-09-16 21:53:59','2020-09-16 21:53:59',1,1,6,2,3),(88,'2020-09-16 21:53:59','2020-09-16 21:53:59',1,1,7,2,3),(89,'2020-09-16 21:53:59','2020-09-16 21:53:59',1,1,8,2,3),(90,'2020-09-16 21:53:59','2020-09-16 21:53:59',1,1,9,2,3),(91,'2020-09-16 21:53:59','2020-09-16 21:53:59',1,1,1,3,3),(92,'2020-09-16 21:53:59','2020-09-16 21:53:59',1,1,2,3,3),(93,'2020-09-16 21:53:59','2020-09-16 21:53:59',1,1,3,3,3),(94,'2020-09-16 21:53:59','2020-09-16 21:53:59',1,1,4,3,3),(95,'2020-09-16 21:53:59','2020-09-16 21:53:59',1,1,5,3,3),(96,'2020-09-16 21:53:59','2020-09-16 21:53:59',1,1,6,3,3),(97,'2020-09-16 21:53:59','2020-09-16 21:53:59',1,1,7,3,3),(98,'2020-09-16 21:53:59','2020-09-16 21:53:59',1,1,8,3,3),(99,'2020-09-16 21:53:59','2020-09-16 21:53:59',1,1,9,3,3),(100,'2020-09-16 21:53:59','2020-09-16 21:53:59',1,1,1,4,3),(101,'2020-09-16 21:53:59','2020-09-16 21:53:59',1,1,2,4,3),(102,'2020-09-16 21:53:59','2020-09-16 21:53:59',1,1,3,4,3),(103,'2020-09-16 21:53:59','2020-09-16 21:53:59',1,1,4,4,3),(104,'2020-09-16 21:53:59','2020-09-16 21:53:59',1,1,5,4,3),(105,'2020-09-16 21:53:59','2020-09-16 21:53:59',1,1,6,4,3),(106,'2020-09-16 21:53:59','2020-09-16 21:53:59',1,1,7,4,3),(107,'2020-09-16 21:53:59','2020-09-16 21:53:59',1,1,8,4,3),(108,'2020-09-16 21:53:59','2020-09-16 21:53:59',1,1,9,4,3),(109,'2020-09-16 21:53:59','2020-09-16 21:53:59',1,1,1,5,3),(110,'2020-09-16 21:53:59','2020-09-16 21:53:59',1,1,2,5,3),(111,'2020-09-16 21:53:59','2020-09-16 21:53:59',1,1,3,5,3),(112,'2020-09-16 21:53:59','2020-09-16 21:53:59',1,1,4,5,3),(113,'2020-09-16 21:53:59','2020-09-16 21:53:59',1,1,5,5,3),(114,'2020-09-16 21:53:59','2020-09-16 21:53:59',1,1,6,5,3),(115,'2020-09-16 21:53:59','2020-09-16 21:53:59',1,1,7,5,3),(116,'2020-09-16 21:53:59','2020-09-16 21:53:59',1,1,8,5,3),(117,'2020-09-16 21:53:59','2020-09-16 21:53:59',1,1,9,5,3),(118,'2020-09-16 21:53:59','2020-09-16 21:53:59',1,2,1,6,3),(119,'2020-09-16 21:53:59','2020-09-16 21:53:59',1,2,2,6,3),(120,'2020-09-16 21:53:59','2020-09-16 21:53:59',1,2,3,6,3),(121,'2020-09-16 21:53:59','2020-09-16 21:53:59',1,2,4,6,3),(122,'2020-09-16 21:53:59','2020-09-16 21:53:59',1,2,5,6,3),(123,'2020-09-16 21:53:59','2020-09-16 21:53:59',1,2,6,6,3),(124,'2020-09-16 21:53:59','2020-09-16 21:53:59',1,2,7,6,3),(125,'2020-09-16 21:53:59','2020-09-16 21:53:59',1,2,8,6,3),(126,'2020-09-16 21:53:59','2020-09-16 21:53:59',1,2,9,6,3),(127,'2020-09-16 21:53:59','2020-09-16 21:53:59',1,1,1,7,3),(128,'2020-09-16 21:53:59','2020-09-16 21:53:59',1,1,2,7,3),(129,'2020-09-16 21:53:59','2020-09-16 21:53:59',1,1,3,7,3),(130,'2020-09-16 21:53:59','2020-09-16 21:53:59',1,1,4,7,3),(131,'2020-09-16 21:53:59','2020-09-16 21:53:59',1,1,5,7,3),(132,'2020-09-16 21:53:59','2020-09-16 21:53:59',1,1,6,7,3),(133,'2020-09-16 21:53:59','2020-09-16 21:53:59',1,1,7,7,3),(134,'2020-09-16 21:53:59','2020-09-16 21:53:59',1,1,8,7,3),(135,'2020-09-16 21:53:59','2020-09-16 21:53:59',1,1,9,7,3),(136,'2020-09-16 21:53:59','2020-09-16 21:53:59',1,1,1,8,3),(137,'2020-09-16 21:53:59','2020-09-16 21:53:59',1,1,2,8,3),(138,'2020-09-16 21:53:59','2020-09-16 21:53:59',1,1,3,8,3),(139,'2020-09-16 21:53:59','2020-09-16 21:53:59',1,1,4,8,3),(140,'2020-09-16 21:53:59','2020-09-16 21:53:59',1,1,5,8,3),(141,'2020-09-16 21:53:59','2020-09-16 21:53:59',1,1,6,8,3),(142,'2020-09-16 21:53:59','2020-09-16 21:53:59',1,1,7,8,3),(143,'2020-09-16 21:53:59','2020-09-16 21:53:59',1,1,8,8,3),(144,'2020-09-16 21:53:59','2020-09-16 21:53:59',1,1,9,8,3),(145,'2020-09-16 21:53:59','2020-09-16 21:53:59',0,1,1,9,3),(146,'2020-09-16 21:53:59','2020-09-16 21:53:59',0,1,2,9,3),(147,'2020-09-16 21:53:59','2020-09-16 21:53:59',0,1,3,9,3),(148,'2020-09-16 21:53:59','2020-09-16 21:53:59',0,1,4,9,3),(149,'2020-09-16 21:53:59','2020-09-16 21:53:59',0,1,5,9,3),(150,'2020-09-16 21:53:59','2020-09-16 21:53:59',0,1,6,9,3),(151,'2020-09-16 21:53:59','2020-09-16 21:53:59',0,1,7,9,3),(152,'2020-09-16 21:53:59','2020-09-16 21:53:59',0,1,8,9,3),(153,'2020-09-16 21:53:59','2020-09-16 21:53:59',0,1,9,9,3);
/*!40000 ALTER TABLE `ylrc_cinema_hall_seat` ENABLE KEYS */;
UNLOCK TABLES;

--
-- Table structure for table `ylrc_cinema_hall_session`
--

DROP TABLE IF EXISTS `ylrc_cinema_hall_session`;
/*!40101 SET @saved_cs_client     = @@character_set_client */;
/*!40101 SET character_set_client = utf8 */;
CREATE TABLE `ylrc_cinema_hall_session` (
  `id` bigint(20) NOT NULL AUTO_INCREMENT,
  `create_time` datetime NOT NULL,
  `update_time` datetime NOT NULL,
  `show_date` varchar(12) NOT NULL,
  `show_time` varchar(12) NOT NULL,
  `cinema_id` bigint(20) DEFAULT NULL,
  `cinema_hall_id` bigint(20) DEFAULT NULL,
  `movie_id` bigint(20) DEFAULT NULL,
  PRIMARY KEY (`id`),
  KEY `FKcqci2i9g2044uicf07sxwwcoi` (`cinema_id`),
  KEY `FK23nq84td4lhlgow750x6w52st` (`cinema_hall_id`),
  KEY `FK8yo0mdhaupvsygja3uncoh60s` (`movie_id`),
  CONSTRAINT `FK23nq84td4lhlgow750x6w52st` FOREIGN KEY (`cinema_hall_id`) REFERENCES `ylrc_cinema_hall` (`id`),
  CONSTRAINT `FK8yo0mdhaupvsygja3uncoh60s` FOREIGN KEY (`movie_id`) REFERENCES `ylrc_movie` (`id`),
  CONSTRAINT `FKcqci2i9g2044uicf07sxwwcoi` FOREIGN KEY (`cinema_id`) REFERENCES `ylrc_cinema` (`id`)
) ENGINE=InnoDB AUTO_INCREMENT=5 DEFAULT CHARSET=utf8;
/*!40101 SET character_set_client = @saved_cs_client */;

--
-- Dumping data for table `ylrc_cinema_hall_session`
--

LOCK TABLES `ylrc_cinema_hall_session` WRITE;
/*!40000 ALTER TABLE `ylrc_cinema_hall_session` DISABLE KEYS */;
INSERT INTO `ylrc_cinema_hall_session` VALUES (1,'2020-09-15 20:07:53','2020-09-17 21:37:26','2020-09-19','08:00',1,3,1),(2,'2020-09-17 20:37:36','2020-09-17 20:37:36','2020-09-18','11:30',1,3,1),(3,'2020-09-16 21:47:28','2020-09-17 21:37:47','2020-09-18','13:30',2,1,1),(4,'2020-09-17 20:38:12','2020-09-17 20:38:12','2020-09-18','08:00',2,1,1);
/*!40000 ALTER TABLE `ylrc_cinema_hall_session` ENABLE KEYS */;
UNLOCK TABLES;

--
-- Table structure for table `ylrc_database_bak`
--

DROP TABLE IF EXISTS `ylrc_database_bak`;
/*!40101 SET @saved_cs_client     = @@character_set_client */;
/*!40101 SET character_set_client = utf8 */;
CREATE TABLE `ylrc_database_bak` (
  `id` bigint(20) NOT NULL AUTO_INCREMENT,
  `create_time` datetime NOT NULL,
  `update_time` datetime NOT NULL,
  `filename` varchar(32) NOT NULL,
  `filepath` varchar(128) NOT NULL,
  PRIMARY KEY (`id`)
) ENGINE=InnoDB AUTO_INCREMENT=35 DEFAULT CHARSET=utf8;
/*!40101 SET character_set_client = @saved_cs_client */;

--
-- Dumping data for table `ylrc_database_bak`
--

LOCK TABLES `ylrc_database_bak` WRITE;
/*!40000 ALTER TABLE `ylrc_database_bak` DISABLE KEYS */;
INSERT INTO `ylrc_database_bak` VALUES (10,'2020-03-22 19:36:47','2020-03-22 19:36:47','db_boot_base_20200322193647.sql','D:/workspace_devloper/baseproject/base/src/main/resources/backup/'),(11,'2020-03-22 19:37:54','2020-03-22 19:37:54','db_boot_base_20200322193754.sql','D:/workspace_devloper/baseproject/base/src/main/resources/backup/'),(12,'2020-03-22 19:40:04','2020-03-22 19:40:04','db_boot_base_20200322194004.sql','D:/workspace_devloper/baseproject/base/src/main/resources/backup/'),(14,'2020-03-22 19:40:14','2020-03-22 19:40:14','db_boot_base_20200322194014.sql','D:/workspace_devloper/baseproject/base/src/main/resources/backup/'),(15,'2020-03-22 19:40:19','2020-03-22 19:40:19','db_boot_base_20200322194019.sql','D:/workspace_devloper/baseproject/base/src/main/resources/backup/'),(17,'2020-03-22 19:43:34','2020-03-22 19:43:34','db_boot_base_20200322194334.sql','D:/workspace_devloper/baseproject/base/src/main/resources/backup/'),(18,'2020-03-22 19:43:39','2020-03-22 19:43:39','db_boot_base_20200322194339.sql','D:/workspace_devloper/baseproject/base/src/main/resources/backup/'),(20,'2020-03-22 19:43:49','2020-03-22 19:43:49','db_boot_base_20200322194349.sql','D:/workspace_devloper/baseproject/base/src/main/resources/backup/'),(21,'2020-03-22 19:43:54','2020-03-22 19:43:54','db_boot_base_20200322194354.sql','D:/workspace_devloper/baseproject/base/src/main/resources/backup/'),(22,'2020-03-22 19:43:59','2020-03-22 19:43:59','db_boot_base_20200322194359.sql','D:/workspace_devloper/baseproject/base/src/main/resources/backup/'),(23,'2020-03-22 19:44:04','2020-03-22 19:44:04','db_boot_base_20200322194404.sql','D:/workspace_devloper/baseproject/base/src/main/resources/backup/'),(24,'2020-03-22 19:44:09','2020-03-22 19:44:09','db_boot_base_20200322194409.sql','D:/workspace_devloper/baseproject/base/src/main/resources/backup/'),(25,'2020-03-22 19:44:14','2020-03-22 19:44:14','db_boot_base_20200322194414.sql','D:/workspace_devloper/baseproject/base/src/main/resources/backup/'),(26,'2020-03-22 19:44:19','2020-03-22 19:44:19','db_boot_base_20200322194419.sql','D:/workspace_devloper/baseproject/base/src/main/resources/backup/'),(27,'2020-03-22 19:44:24','2020-03-22 19:44:24','db_boot_base_20200322194424.sql','D:/workspace_devloper/baseproject/base/src/main/resources/backup/'),(28,'2020-03-22 19:44:29','2020-03-22 19:44:29','db_boot_base_20200322194429.sql','D:/workspace_devloper/baseproject/base/src/main/resources/backup/'),(29,'2020-03-22 19:44:34','2020-03-22 19:44:34','db_boot_base_20200322194434.sql','D:/workspace_devloper/baseproject/base/src/main/resources/backup/'),(30,'2020-03-22 19:44:39','2020-03-22 19:44:39','db_boot_base_20200322194439.sql','D:/workspace_devloper/baseproject/base/src/main/resources/backup/'),(31,'2020-03-23 17:46:49','2020-03-23 17:46:49','db_boot_base_20200323174649.sql','D:/workspace_devloper/baseproject/base/src/main/resources/backup/'),(32,'2020-09-02 21:53:16','2020-09-02 21:53:16','db_boot_movie_20200902215316.sql','E:/workspace-devloper/movie/src/main/resources/backup/'),(33,'2020-09-02 21:53:36','2020-09-02 21:53:36','db_boot_movie_20200902215335.sql','E:/workspace-devloper/movie/src/main/resources/backup/'),(34,'2020-09-20 01:00:00','2020-09-20 01:00:00','db_boot_movie_20200920010000.sql','E:/workspace-devloper/movie/src/main/resources/backup/');
/*!40000 ALTER TABLE `ylrc_database_bak` ENABLE KEYS */;
UNLOCK TABLES;

--
-- Table structure for table `ylrc_menu`
--

DROP TABLE IF EXISTS `ylrc_menu`;
/*!40101 SET @saved_cs_client     = @@character_set_client */;
/*!40101 SET character_set_client = utf8 */;
CREATE TABLE `ylrc_menu` (
  `id` bigint(20) NOT NULL AUTO_INCREMENT,
  `create_time` datetime NOT NULL,
  `update_time` datetime NOT NULL,
  `name` varchar(18) NOT NULL,
  `url` varchar(128) DEFAULT NULL,
  `icon` varchar(32) DEFAULT NULL,
  `sort` int(11) NOT NULL,
  `parent_id` bigint(20) DEFAULT NULL,
  `is_bitton` bit(1) NOT NULL,
  `is_show` bit(1) NOT NULL,
  PRIMARY KEY (`id`),
  KEY `FKsbtnjocfrq29e8taxdwo21gic` (`parent_id`),
  CONSTRAINT `FKsbtnjocfrq29e8taxdwo21gic` FOREIGN KEY (`parent_id`) REFERENCES `ylrc_menu` (`id`)
) ENGINE=InnoDB AUTO_INCREMENT=57 DEFAULT CHARSET=utf8;
/*!40101 SET character_set_client = @saved_cs_client */;

--
-- Dumping data for table `ylrc_menu`
--

LOCK TABLES `ylrc_menu` WRITE;
/*!40000 ALTER TABLE `ylrc_menu` DISABLE KEYS */;
INSERT INTO `ylrc_menu` VALUES (2,'2020-03-14 14:26:03','2020-03-14 18:24:53','系统设置','','mdi-settings',0,NULL,'\0',''),(3,'2020-03-14 16:58:55','2020-03-14 18:26:02','菜单管理','/admin/menu/list','mdi-view-list',1,2,'\0',''),(5,'2020-03-14 17:04:44','2020-03-14 18:27:53','新增','/admin/menu/add','mdi-plus',2,3,'\0',''),(7,'2020-03-14 17:07:43','2020-03-15 12:11:25','角色管理','/admin/role/list','mdi-account-settings-variant',5,2,'\0',''),(8,'2020-03-14 18:28:48','2020-03-21 22:04:45','编辑','edit(\'/admin/menu/edit\')','mdi-grease-pencil',3,3,'',''),(9,'2020-03-14 18:30:00','2020-03-21 22:08:20','删除','del(\'/admin/menu/delete\')','mdi-close',4,3,'',''),(10,'2020-03-15 12:12:00','2020-03-15 12:12:00','添加','/admin/role/add','mdi-account-plus',6,7,'\0',''),(11,'2020-03-15 12:12:36','2020-03-21 22:10:45','编辑','edit(\'/admin/role/edit\')','mdi-account-edit',7,7,'',''),(12,'2020-03-15 12:13:19','2020-03-21 22:15:27','删除','del(\'/admin/role/delete\')','mdi-account-remove',8,7,'',''),(13,'2020-03-15 12:14:52','2020-03-15 12:17:00','用户管理','/admin/user/list','mdi-account-multiple',9,2,'\0',''),(14,'2020-03-15 12:15:22','2020-03-15 12:17:27','添加','/admin/user/add','mdi-account-plus',10,13,'\0',''),(15,'2020-03-16 17:18:14','2020-03-21 22:11:19','编辑','edit(\'/admin/user/edit\')','mdi-account-edit',11,13,'',''),(16,'2020-03-16 17:19:01','2020-03-21 22:15:36','删除','del(\'/admin/user/delete\')','mdi-account-remove',12,13,'',''),(19,'2020-03-22 11:24:36','2020-03-22 11:26:00','上传图片','/upload/upload_photo','mdi-arrow-up-bold-circle',0,13,'\0','\0'),(20,'2020-03-22 14:09:35','2020-03-22 14:09:47','日志管理','/system/operator_log_list','mdi-tag-multiple',13,2,'\0',''),(21,'2020-03-22 14:11:39','2020-03-22 14:11:39','删除','del(\'/system/delete_operator_log\')','mdi-tag-remove',14,20,'',''),(22,'2020-03-22 14:12:57','2020-03-22 14:46:55','清空日志','delAll(\'/system/delete_all_operator_log\')','mdi-delete-circle',15,20,'',''),(23,'2020-03-22 14:46:40','2020-03-22 14:47:09','数据备份','/admin/database_bak/list','mdi-database',16,2,'\0',''),(24,'2020-03-22 14:48:07','2020-03-22 15:13:41','备份','add(\'/admin/database_bak/add\')','mdi-database-plus',17,23,'',''),(25,'2020-03-22 14:49:03','2020-03-22 14:49:03','删除','del(\'/admin/database_bak/delete\')','mdi-database-minus',18,23,'',''),(26,'2020-03-22 19:36:20','2020-03-22 19:36:20','还原','restore(\'/admin/database_bak/restore\')','mdi-database-minus',19,23,'',''),(27,'2020-09-03 20:31:22','2020-09-03 20:31:40','地域管理','','mdi-map',20,NULL,'\0',''),(28,'2020-09-03 20:32:50','2020-09-03 20:32:50','地域列表','/admin/area/list','mdi-map-marker-multiple',21,27,'\0',''),(29,'2020-09-03 20:33:34','2020-09-03 20:33:34','添加','/admin/area/add','mdi-map-marker-plus',22,28,'\0',''),(30,'2020-09-03 20:34:38','2020-09-03 20:34:38','编辑','edit(\'/admin/area/edit\')','mdi-map-marker-radius',23,28,'',''),(31,'2020-09-03 20:35:22','2020-09-03 20:35:22','删除','del(\'/admin/area/delete\')','mdi-map-marker-minus',24,28,'',''),(32,'2020-09-06 17:55:12','2020-09-06 18:10:56','获取省份下的城市列表','/admin/area/get_citys','mdi-format-list-bulleted',25,28,'\0','\0'),(33,'2020-09-06 18:10:40','2020-09-06 18:13:10','电影管理','','mdi-movie',26,NULL,'\0',''),(34,'2020-09-06 18:12:51','2020-09-06 18:12:51','电影列表','/admin/movie/list','mdi-microsoft',28,33,'\0',''),(35,'2020-09-06 18:16:11','2020-09-06 18:16:11','添加','/admin/movie/add','mdi-plus-circle',29,34,'\0',''),(36,'2020-09-06 18:16:54','2020-09-13 18:30:50','编辑','edit(\'/admin/movie/edit\')','mdi-border-color',30,34,'',''),(37,'2020-09-06 18:18:09','2020-09-06 18:18:09','删除','del(\'/admin/movie/delete\')','mdi-minus-circle',31,34,'',''),(38,'2020-09-13 14:45:57','2020-09-13 20:58:39','上传视频','/upload/upload_video','mdi-arrow-expand-up',32,34,'','\0'),(39,'2020-09-13 20:58:28','2020-09-13 20:58:47','影院管理','','mdi-store',33,NULL,'\0',''),(40,'2020-09-13 21:00:02','2020-09-13 21:00:02','影院列表','/admin/cinema/list','mdi-raspberrypi',34,39,'\0',''),(41,'2020-09-13 21:02:55','2020-09-13 21:02:55','添加','/admin/cinema/add','mdi-loupe',35,40,'\0',''),(42,'2020-09-13 21:03:42','2020-09-13 21:03:51','编辑','edit(\'/admin/cinema/edit\')','mdi-pencil',36,40,'',''),(43,'2020-09-13 21:04:28','2020-09-13 21:04:28','删除','del(\'/admin/cinema/delete\')','mdi-close',37,40,'',''),(44,'2020-09-14 19:30:50','2020-09-14 19:31:15','获取城市下的区列表','/admin/area/get_districts','mdi-circle-outline',38,28,'','\0'),(45,'2020-09-15 19:44:19','2020-09-15 19:44:34','影厅管理','','mdi-hospital-building',39,NULL,'\0',''),(46,'2020-09-15 19:45:06','2020-09-15 19:45:06','影厅列表','/admin/cinema_hall/list','mdi-houzz',41,45,'\0',''),(47,'2020-09-15 19:46:22','2020-09-15 19:46:22','添加','/admin/cinema_hall/add','mdi-table-row-plus-after',42,46,'\0',''),(48,'2020-09-15 19:47:06','2020-09-15 19:47:06','编辑','edit(\'/admin/cinema_hall/edit\')','mdi-eyedropper-variant',43,46,'',''),(49,'2020-09-15 19:47:37','2020-09-15 19:47:37','删除','del(\'/admin/cinema_hall/delete\')','mdi-close',44,46,'',''),(50,'2020-09-15 19:48:36','2020-09-15 19:48:36','编辑座位','editSeat(\'/admin/cinema_hall/edit_seat\')','mdi-gate',45,46,'',''),(51,'2020-09-17 19:53:01','2020-09-17 19:53:01','排片管理','','mdi-filmstrip',46,NULL,'\0',''),(52,'2020-09-17 19:55:38','2020-09-17 19:55:38','场次列表','/admin/cinema_hall_session/list','mdi-film',47,51,'\0',''),(53,'2020-09-17 19:56:31','2020-09-17 19:56:31','添加','/admin/cinema_hall_session/add','mdi-plus-circle',48,52,'\0',''),(54,'2020-09-17 19:57:03','2020-09-17 19:57:03','编辑','edit(\'/admin/cinema_hall_session/edit\')','mdi-border-color',49,52,'',''),(55,'2020-09-17 19:57:33','2020-09-17 19:57:33','删除','del(\'/admin/cinema_hall_session/delete\')','mdi-filmstrip-off',50,52,'',''),(56,'2020-09-17 20:03:43','2020-09-17 20:03:43','根据影院查找所属影厅','/admin/cinema_hall/get_cinema_halls','mdi-autorenew',51,46,'\0','\0');
/*!40000 ALTER TABLE `ylrc_menu` ENABLE KEYS */;
UNLOCK TABLES;

--
-- Table structure for table `ylrc_movie`
--

DROP TABLE IF EXISTS `ylrc_movie`;
/*!40101 SET @saved_cs_client     = @@character_set_client */;
/*!40101 SET character_set_client = utf8 */;
CREATE TABLE `ylrc_movie` (
  `id` bigint(20) NOT NULL AUTO_INCREMENT,
  `create_time` datetime NOT NULL,
  `update_time` datetime NOT NULL,
  `abs` varchar(128) DEFAULT NULL,
  `actor` varchar(512) NOT NULL,
  `area` int(11) DEFAULT NULL,
  `directed_by` varchar(64) NOT NULL,
  `info` varchar(1280) DEFAULT NULL,
  `language` int(11) NOT NULL,
  `name` varchar(64) NOT NULL,
  `picture` varchar(512) DEFAULT NULL,
  `rate` decimal(19,2) DEFAULT NULL,
  `show_time` datetime DEFAULT NULL,
  `time` int(11) DEFAULT NULL,
  `total_money` decimal(19,2) DEFAULT NULL,
  `type` varchar(128) DEFAULT NULL,
  `video` varchar(512) DEFAULT NULL,
  PRIMARY KEY (`id`)
) ENGINE=InnoDB AUTO_INCREMENT=17 DEFAULT CHARSET=utf8;
/*!40101 SET character_set_client = @saved_cs_client */;

--
-- Dumping data for table `ylrc_movie`
--

LOCK TABLES `ylrc_movie` WRITE;
/*!40000 ALTER TABLE `ylrc_movie` DISABLE KEYS */;
INSERT INTO `ylrc_movie` VALUES (1,'2020-09-14 21:11:31','2020-09-14 21:15:13','月黑高飞(港) / 刺激1995(台) / 地狱诺言 / 铁窗岁月 / 消香克的救赎',' 蒂姆·罗宾斯 / 摩根·弗里曼 / 鲍勃·冈顿 / 威廉姆·赛德勒 / 克兰西·布朗 / 吉尔·贝罗斯 / 马克·罗斯顿 ',3,'弗兰克·德拉邦特','20世纪40年代末，小有成就的青年银行家安迪（蒂姆·罗宾斯 Tim Robbins 饰）因涉嫌杀害妻子及她的情人而锒铛入狱。在这座名为鲨堡的监狱内，希望似乎虚无缥缈，终身监禁的惩罚无疑注定了安迪接下来灰暗绝望的人生。未过多久，安迪尝试接近囚犯中颇有声望的瑞德（摩根·弗 里曼 Morgan Freeman 饰），请求对方帮自己搞来小锤子。以此为契机，二人逐渐熟稔，安迪也仿佛在鱼龙混杂、罪恶横生、黑白混淆的牢狱中找到属于自己的求生之道。他利用自身的专业知识，帮助监狱管理层逃税、洗黑钱，同时凭借与瑞德的交往在犯人中间也渐渐受到礼遇。表面看来，他已如瑞德那样对那堵高墙从憎恨转变为处之泰然，但是对自由的渴望仍促使他朝着心中的希望和目标前进。而关于其罪行的真相，似乎更使这一切朝前推进了一步…… \r\n　　本片根据著名作家斯蒂芬·金（Stephen Edwin King）的原著改编。',1,'肖申克的救赎 The Shawshank Redemption (1994)','20200914/1600088979472.jpg',NULL,'1994-09-10 23:55:00',142,NULL,'Plot,Other',''),(2,'2020-09-17 21:49:32','2020-09-17 21:49:32','花木兰 Mulan (2020)',' 刘亦菲 / 甄子丹 / 巩俐 / 李连杰 / 李截 / 安柚鑫',3,'妮琪·卡罗','迪士尼影业荣誉出品《花木兰》由备受赞誉的电影导演妮基·卡罗执导，将中国传奇战士的史诗故事全新呈现。影片讲述了一位无所畏惧的年轻女子义无反顾为家国而战，成为中国史上最著名的伟大勇士之一。当皇帝下令境内每个家庭必须有一位男丁应召出征，抵御北方来犯者入侵，出身军戎之家的长女花木兰，挺身而出，替病痛缠身的父亲应征入伍。她女扮男装化名“花军”，一路历经磨练，驾驭自己内心的力量，激发真正的潜能。通过这段传奇历程，她将成为一名光荣的勇士，不仅赢得国家的认可，更博得父亲的骄傲。',1,'花木兰 Mulan (2020)','20200917/1600350485608.jpg;20200917/1600350489371.jpg;20200917/1600350492749.jpg',NULL,'2020-09-11 00:00:00',115,NULL,'Action,Plot,Science',''),(3,'2020-09-19 10:37:42','2020-09-19 10:37:42','墨西哥亡灵节','盖尔·加西亚·贝纳尔 / 安东尼·冈萨雷斯 / 本杰明·布拉特 / 芮妮·维克托 / 安娜·奥菲丽亚·莫吉亚',3,'李·昂克里奇 / 阿德里安·莫利纳','寻梦环游记',0,'寻梦环游记','20200919/1600482941012.jpg',NULL,'2020-09-19 00:00:00',105,NULL,'Comedy,Action,Science,Cartoon,Horror',''),(4,'2020-09-19 10:39:55','2020-09-19 10:39:55','','安娜·肯德里克,贾斯汀·汀布莱克,詹米·多南,山姆·洛克威尔,詹姆斯·柯登',3,'迈克·米歇尔, 大卫·史密斯','魔发精灵2',1,'魔发精灵2','20200919/1600483140287.jpg',NULL,'2020-09-17 00:00:00',90,NULL,'Comedy,Plot,Science,Cartoon,Other',''),(5,'2020-09-19 10:44:29','2020-09-19 10:44:29','','威尔·史密斯,马丁·劳伦斯',3,'阿迪尔·埃尔·阿比, 比拉勒·法拉赫','曾制作《珍珠港》、《壮志凌云》、《加勒比海盗》系列等爆款电影的好莱坞金牌制片人全新倾力打造的《绝地战警：疾速追击》，讲述了迈阿密警员麦克（威尔·史密斯饰）遭遇神秘黑帮势力的暗杀伏击，为了迎战势力庞大火力惊人的黑帮分子，解决隐藏在暗处的危机，麦克找回曾经的搭档马库斯（马丁·劳伦斯饰），“嘴炮二人组”再度集结开启沙雕模式，不仅时刻上演逗比互怼，更在迈阿密街头与黑帮展开空前绝后的飙车枪战大戏。这对最佳搭档究竟能否在枪林弹雨下突出重围，找出幕后黑手完成绝地反杀？',1,'绝地战警：疾速追击','20200919/1600483323364.jpg;20200919/1600483339214.jpg;20200919/1600483346432.jpg;20200919/1600483352829.jpg;20200919/1600483365293.jpg;20200919/1600483378658.jpg;20200919/1600483399059.jpg',NULL,'2018-09-13 00:00:00',124,NULL,'Love,Comedy,Action,Plot,Science,Horror,Crime','20200919/1600483423387.mp4'),(6,'2020-09-19 10:52:20','2020-09-19 10:52:20','一生所爱','周星驰 / 吴孟达 / 朱茵 / 蔡少芬 / 蓝洁瑛',1,'刘镇伟','大话西游之大圣娶亲',2,'大话西游之大圣娶亲','20200919/1600483728314.jpg',NULL,'1996-06-12 00:00:00',95,NULL,'Love,Comedy,Action,Science,Fantasy,Adventure',''),(7,'2020-09-19 10:56:07','2020-09-19 10:56:07','殊死一搏的较量','肖央,谭卓,陈冲,姜皓文,秦沛',0,'柯汶利','误杀——殊死一搏的较量！！！',0,'误杀','20200919/1600484100745.jpg',NULL,'2019-07-19 00:00:00',110,NULL,'Action,Plot,Horror,Crime',''),(8,'2020-09-19 11:01:15','2020-09-19 11:01:15','生而为魔,那又如何?',' 吕艳婷 / 囧森瑟夫 / 瀚墨 / 陈浩 / 绿绮 / 张珈铭 / 杨卫',0,'饺子','天地灵气孕育出一颗能量巨大的混元珠，元始天尊将混元珠提炼成灵珠和魔丸，灵珠投胎为人，助周伐纣时可堪大用；而魔丸则会诞出魔王，为祸人间。元始天尊启动了天劫咒语，3年后天雷将会降临，摧毁魔丸。太乙受命将灵珠托生于陈塘关李靖家的儿子哪吒身上。然而阴差阳错，灵珠和魔丸竟然被掉包。本应是灵珠英雄的哪吒却成了混世大魔王。调皮捣蛋顽劣不堪的哪吒却徒有一颗做英雄的心。然而面对众人对魔丸的误解和即将来临的天雷的降临，哪吒是否命中注定会立地成魔？他将何去何从？',0,'哪吒之魔童降世','20200919/1600484294052.jpg;20200919/1600484469714.jpg;20200919/1600484472124.jpg',NULL,'2019-10-24 00:00:00',110,NULL,'Action,Plot,Science,Cartoon,Fantasy,Adventure','20200919/1600484404952.mp4'),(9,'2020-09-19 11:13:02','2020-09-19 11:13:02','','马思纯,钟楚曦,黄景瑜',0,'徐展雄','荞麦疯长',0,'荞麦疯长','20200919/1600484548575.jpg',NULL,'2020-09-10 00:00:00',112,NULL,'Love,Plot',''),(10,'2020-09-19 11:16:45','2020-09-19 11:16:45','四百人对外号称八百人','王千源,张译,姜武,黄志忠,张俊一,欧豪,张承',0,'管虎','1937年淞沪会战的最后一役，“八百壮士”奉命坚守上海四行仓库，以少敌多顽强抵抗四天四夜。电影《八佰》由管虎导演，是亚洲首部全片使用IMAX摄影机拍摄的商业电影，将于2020年8月21日全国影院上映。',0,'八佰','20200919/1600485202576.jpg;20200919/1600485384369.jpg;20200919/1600485387064.jpg;20200919/1600485389123.jpg;20200919/1600485392619.jpg;20200919/1600485394590.jpg',NULL,'2020-08-17 00:00:00',147,NULL,'Action,Plot,Adventure','20200919/1600485398822.mp4'),(11,'2020-09-19 11:24:38','2020-09-19 11:24:38','穿越时空的爱 / Love You Forever','李鸿其 / 李一桐 / 范伟 / 张超 / 罗辑 / 郭欣禹',0,' 姚婷婷','林格（李鸿其 饰）人生所有美好的记忆，都与邱倩（李一桐 饰）有关。一场意外、一块神奇的表彻底改变了两人的人生......时空不断被重置，唯一不变的，是爱你如初的心。',0,'我在时间尽头等你','20200919/1600485771101.jpg;20200919/1600485775438.jpg;20200919/1600485777489.jpg;20200919/1600485779555.jpg',NULL,'2020-08-25 00:00:00',120,NULL,'Love,Fantasy','20200919/1600485821794.mp4'),(12,'2020-09-19 11:28:33','2020-09-19 11:28:49','二分之一的魔法 / 魔法环游记 / 勇往直前 / 觅法奇程 / ½的魔法 / 向前','汤姆·赫兰德 / 克里斯·帕拉特 / 茱莉亚·路易斯-德瑞弗斯',3,'丹·斯坎隆','影片设定在一个由精灵、巨魔和灵魂等组成的郊外幻想世界，在那里独角兽在垃圾桶中穿行，像是有着糖果条纹的负鼠。影片提供了一个前提，即魔法是真实的，但它早已被现代技术所遗忘和取代。一对十几岁的兄弟，在他们尚不更事时父亲便已离世，他们决定进入这个幻想世界，与父亲共度最后一个神奇的日子。霍兰德配音弟弟伊安、帕拉特配音聒噪的哥哥、德瑞弗斯配音兄弟二人的母亲、斯宾瑟则会利用其声线的优势。',1,'1/2的魔法 Onward ','20200919/1600486054872.jpg;20200919/1600486060819.jpg;20200919/1600486126266.jpg',NULL,'2020-08-19 00:00:00',102,NULL,'Action,Science,Cartoon,Fantasy,Adventure','20200919/1600486065711.mp4'),(13,'2020-09-19 11:32:53','2020-09-19 11:32:53','鱼游回来了','季冠霖 / 苏尚卿 / 许魏洲 / 金士杰 / 杨婷 / 潘淑兰 / 九儿',0,'梁旋 / 张春','所有活着的人类，都是海里一条巨大的鱼；出生的时候他们从海的此岸出发。他们的生命就像横越大海，有时相遇，有时分开……死的时候，他们便到了岸，各去各的世界。 \r\n　　四十五亿年前，这个星球上，只有一片汪洋大海，和一群古老的大鱼。在与人类世界平行的空间里，生活着一个规规矩矩、遵守秩序的族群，他们为神工作，掌管世界万物运行规律，也掌管人类的灵魂。他们的天空与人类世界的大海相连。他们既不是神，也不是人，他们是“其他人”。 \r\n　　十六岁生日那天，居住在“神之围楼”里的一个名叫椿（季冠霖 配音）的女孩变作一条海豚到人间巡礼，被大海中的一张网困住，一个人类男孩因为救她而落入深海死去。为了报恩，为了让人类男孩复活，她需要在自己的世界里，历经种种困难与阻碍，帮助死后男孩的灵魂——一条拇指那么大的小鱼，成长为一条比鲸更巨大的鱼并回归大海。',0,'大鱼海棠','20200919/1600486339390.jpg;20200919/1600486341397.jpg;20200919/1600486343692.jpg;20200919/1600486371040.jpg',NULL,'2020-09-05 00:00:00',105,NULL,'Science,Cartoon,Fantasy','20200919/1600486348627.mp4'),(14,'2020-09-19 11:37:09','2020-09-19 11:37:09','新战狼 / 新战死沙场 / Wolf Warriors 2',' 吴京 / 弗兰克·格里罗 / 吴刚 / 张翰 / 卢靖姗 / 丁海峰 / 淳于珊珊 / 余男 / 于谦',0,'吴京','由于一怒杀害了强拆牺牲战友房子的恶霸，屡立功勋的冷锋（吴京 饰）受到军事法庭的判决。在押期间，亲密爱人龙小云壮烈牺牲。出狱后，冷锋辗转来到非洲，他辗转各地，只为寻找杀害小云的凶手。在此期间，冷锋逗留的国家发生叛乱，叛徒红巾军大开杀戒，血流成河。中国派出海军执行撤侨任务，期间冷锋得知有一位陈博士被困在五十五公里外的医院，而叛军则试图抓住这位博士。而从另一位华侨（于谦 饰）口中得知，杀害小云的凶手正待在这个国家。 \r\n　　在无法得到海军支援的情况下，冷锋只身闯入硝烟四起的战场。不屈不挠的战狼，与冷酷无情的敌人展开悬殊之战……',0,'战狼2 (2017)','20200919/1600486597046.jpg;20200919/1600486599080.jpg;20200919/1600486601298.jpg;20200919/1600486603478.jpg;20200919/1600486606880.jpg;20200919/1600486609247.jpg',NULL,'2017-08-15 00:00:00',123,NULL,'Action,Plot,Horror,Adventure','20200919/1600486614347.mp4'),(15,'2020-09-19 11:41:53','2020-09-19 11:41:53','失忆白蛇','张喆 / 杨天翔 / 唐小喜 / 刘薇 / 张遥函 /',0,'黄家康, 赵霁','幽暗洞中，白蛇（张喆 配音）苦苦修炼却不得其法，小青见此情景，将发髻上的碧玉簪子取下，令白蛇攥在手中。那一刻，五百年前的记忆瞬间苏醒。五百年前，晚唐君主昏聩庸碌，掌握邪术的国师只手遮天，命令天下百姓捕蛇修法。为了拯救族群，白蛇冒险行刺，结果却遭遇挫败，还失去了记忆。当她再度醒来，发现自己被一个专门捕蛇的村落所救下，而那个胆小却善良的青年许宣（杨天翔 配音）则吸引了白蛇的注意。与此同时，国师派出爪牙四处追寻白蛇的下落，而蛇族更误解白蛇叛逃人类，接二连三派出杀手。 \r\n　　五百年后的一段姻缘，早在这乱世之间便已缔结……',0,'白蛇：缘起','20200919/1600486820658.jpg;20200919/1600486822602.jpg;20200919/1600486824771.jpg;20200919/1600486826698.jpg;20200919/1600486830561.jpg',NULL,'2020-09-02 00:00:00',99,NULL,'Science,Cartoon,Fantasy','20200919/1600486864383.mp4'),(16,'2020-09-19 11:48:17','2020-09-19 11:48:17','星际启示录(港) / 星际效应(台) / 星际空间 / 星际之间 / 星际远航 / 星际 / Flora\'s Letter',' 马修·麦康纳 / 安妮·海瑟薇 / 杰西卡·查斯坦 / 麦肯吉·弗依 / 卡西·阿弗莱克 / 迈克尔·凯恩 / 马特·达蒙 / 蒂莫西·柴勒梅德',3,'克里斯托弗·诺兰','近未来的地球黄沙遍野，小麦、秋葵等基础农作物相继因枯萎病灭绝，人类不再像从前那样仰望星空，放纵想象力和灵感的迸发，而是每日在沙尘暴的肆虐下倒数着所剩不多的光景。在家务农的前NASA宇航员库珀（马修·麦康纳 Matthew McConaughey 饰）接连在女儿墨菲（麦肯吉·弗依 Mackenzie Foy 饰）的书房发现奇怪的重力场现象，随即得知在某个未知区域内前NASA成员仍秘密进行一个拯救人类的计划。多年以前土星附近出现神秘虫洞，NASA借机将数名宇航员派遣到遥远的星系寻找适合居住的星球。在布兰德教授（迈克尔·凯恩 Michael Caine 饰）的劝说下，库珀忍痛告别了女儿，和其他三名专家教授女儿艾米莉亚·布兰德（安妮·海瑟薇 Anne Hathaway 饰）、罗米利（大卫·吉雅西 David Gyasi 饰）、多伊尔（韦斯·本特利 Wes B... ',1,'星际穿越 Interstellar','20200919/1600487196617.jpg;20200919/1600487198381.jpg;20200919/1600487200518.jpg',NULL,'2014-07-18 00:00:00',169,NULL,'Plot,Science,Fantasy,Adventure','20200919/1600487204030.mp4');
/*!40000 ALTER TABLE `ylrc_movie` ENABLE KEYS */;
UNLOCK TABLES;

--
-- Table structure for table `ylrc_operater_log`
--

DROP TABLE IF EXISTS `ylrc_operater_log`;
/*!40101 SET @saved_cs_client     = @@character_set_client */;
/*!40101 SET character_set_client = utf8 */;
CREATE TABLE `ylrc_operater_log` (
  `id` bigint(20) NOT NULL AUTO_INCREMENT,
  `create_time` datetime NOT NULL,
  `update_time` datetime NOT NULL,
  `content` varchar(1024) NOT NULL,
  `operator` varchar(18) NOT NULL,
  PRIMARY KEY (`id`)
) ENGINE=InnoDB AUTO_INCREMENT=346 DEFAULT CHARSET=utf8;
/*!40101 SET character_set_client = @saved_cs_client */;

--
-- Dumping data for table `ylrc_operater_log`
--

LOCK TABLES `ylrc_operater_log` WRITE;
/*!40000 ALTER TABLE `ylrc_operater_log` DISABLE KEYS */;
INSERT INTO `ylrc_operater_log` VALUES (172,'2020-03-22 14:49:22','2020-03-22 14:49:22','编辑角色【超级管理员】','猿来入此'),(173,'2020-03-22 14:58:14','2020-03-22 14:58:14','用户【猿来入此】于【2020-03-22 14:58:13】登录系统！','猿来入此'),(174,'2020-03-22 15:09:49','2020-03-22 15:09:49','用户【猿来入此】于【2020-03-22 15:09:49】登录系统！','猿来入此'),(175,'2020-03-22 15:11:09','2020-03-22 15:11:09','用户【猿来入此】于【2020-03-22 15:11:08】登录系统！','猿来入此'),(176,'2020-03-22 15:13:41','2020-03-22 15:13:41','编辑菜单信息【Menu [name=备份, parent=Menu [name=null, parent=null, url=null, icon=null, sort=0, isButton=false, isShow=true], url=add(\'/database_bak/add\'), icon=mdi-database-plus, sort=17, isButton=true, isShow=true]】','猿来入此'),(177,'2020-03-22 16:16:31','2020-03-22 16:16:31','用户【猿来入此】于【2020-03-22 16:16:31】登录系统！','猿来入此'),(178,'2020-03-22 16:31:23','2020-03-22 16:31:23','用户【猿来入此】于【2020-03-22 16:31:23】登录系统！','猿来入此'),(179,'2020-03-22 16:56:25','2020-03-22 16:56:25','用户【猿来入此】于【2020-03-22 16:56:25】登录系统！','猿来入此'),(180,'2020-03-22 17:00:42','2020-03-22 17:00:42','用户【猿来入此】于【2020-03-22 17:00:42】登录系统！','猿来入此'),(181,'2020-03-22 17:13:01','2020-03-22 17:13:01','数据库成功备份，备份文件信息：DatabaseBak [filename=db_boot_base_20200322.sql, filepath=D:/workspace_devloper/baseproject/base/src/main/resources/backup/]','猿来入此'),(182,'2020-03-22 17:15:04','2020-03-22 17:15:04','数据库成功备份，备份文件信息：DatabaseBak [filename=db_boot_base_20200322171504.sql, filepath=D:/workspace_devloper/baseproject/base/src/main/resources/backup/]','猿来入此'),(183,'2020-03-22 17:15:14','2020-03-22 17:15:14','数据库成功备份，备份文件信息：DatabaseBak [filename=db_boot_base_20200322171514.sql, filepath=D:/workspace_devloper/baseproject/base/src/main/resources/backup/]','猿来入此'),(184,'2020-03-22 17:21:02','2020-03-22 17:21:02','用户【猿来入此】于【2020-03-22 17:21:02】登录系统！','猿来入此'),(185,'2020-03-22 17:21:15','2020-03-22 17:21:15','添加角色【dsadsasadsa】','猿来入此'),(186,'2020-03-22 18:09:55','2020-03-22 18:09:55','数据库成功备份，备份文件信息：DatabaseBak [filename=db_boot_base_20200322180955.sql, filepath=D:/workspace_devloper/baseproject/base/src/main/resources/backup/]','猿来入此'),(187,'2020-03-22 18:59:16','2020-03-22 18:59:16','数据库成功备份，备份文件信息：DatabaseBak [filename=db_boot_base_20200322185916.sql, filepath=D:/workspace_devloper/baseproject/base/src/main/resources/backup/]','猿来入此'),(188,'2020-03-22 18:59:41','2020-03-22 18:59:41','数据库成功还原，还原文件信息：DatabaseBak [filename=db_boot_base_20200322180955.sql, filepath=D:/workspace_devloper/baseproject/base/src/main/resources/backup/]','猿来入此'),(189,'2020-03-22 19:12:03','2020-03-22 19:12:03','数据库成功备份，备份文件信息：DatabaseBak [filename=db_boot_base_20200322191203.sql, filepath=D:/workspace_devloper/baseproject/base/src/main/resources/backup/]','猿来入此'),(190,'2020-03-22 19:12:59','2020-03-22 19:12:59','数据库成功还原，还原文件信息：DatabaseBak [filename=db_boot_base_20200322191203.sql, filepath=D:/workspace_devloper/baseproject/base/src/main/resources/backup/]','猿来入此'),(191,'2020-03-22 19:35:07','2020-03-22 19:35:07','用户【猿来入此】于【2020-03-22 19:35:07】登录系统！','猿来入此'),(192,'2020-03-22 19:35:21','2020-03-22 19:35:21','数据库成功备份，备份文件信息：DatabaseBak [filename=db_boot_base_20200322193521.sql, filepath=D:/workspace_devloper/baseproject/base/src/main/resources/backup/]','猿来入此'),(193,'2020-03-22 19:36:20','2020-03-22 19:36:20','添加菜单信息【Menu [name=还原, parent=Menu [name=null, parent=null, url=null, icon=null, sort=0, isButton=false, isShow=true], url=restore(\'/database_bak/restore\'), icon=mdi-database-minus, sort=19, isButton=true, isShow=true]】','猿来入此'),(194,'2020-03-22 19:36:34','2020-03-22 19:36:34','编辑角色【超级管理员】','猿来入此'),(195,'2020-03-22 19:36:47','2020-03-22 19:36:47','数据库成功备份，备份文件信息：DatabaseBak [filename=db_boot_base_20200322193647.sql, filepath=D:/workspace_devloper/baseproject/base/src/main/resources/backup/]','猿来入此'),(196,'2020-03-22 19:37:21','2020-03-22 19:37:21','数据库成功还原，还原文件信息：DatabaseBak [filename=db_boot_base_20200322193647.sql, filepath=D:/workspace_devloper/baseproject/base/src/main/resources/backup/]','猿来入此'),(197,'2020-03-22 19:37:54','2020-03-22 19:37:54','数据库成功备份，备份文件信息：DatabaseBak [filename=db_boot_base_20200322193754.sql, filepath=D:/workspace_devloper/baseproject/base/src/main/resources/backup/]','猿来入此'),(198,'2020-03-22 19:38:15','2020-03-22 19:38:15','数据库成功还原，还原文件信息：DatabaseBak [filename=db_boot_base_20200322193754.sql, filepath=D:/workspace_devloper/baseproject/base/src/main/resources/backup/]','猿来入此'),(199,'2020-03-22 19:43:34','2020-03-22 19:43:34','数据库成功备份，备份文件信息：DatabaseBak [filename=db_boot_base_20200322194334.sql, filepath=D:/workspace_devloper/baseproject/base/src/main/resources/backup/]','未知(获取登录用户失败)'),(200,'2020-03-22 19:43:39','2020-03-22 19:43:39','数据库成功备份，备份文件信息：DatabaseBak [filename=db_boot_base_20200322194339.sql, filepath=D:/workspace_devloper/baseproject/base/src/main/resources/backup/]','未知(获取登录用户失败)'),(201,'2020-03-22 19:43:44','2020-03-22 19:43:44','数据库成功备份，备份文件信息：DatabaseBak [filename=db_boot_base_20200322194344.sql, filepath=D:/workspace_devloper/baseproject/base/src/main/resources/backup/]','未知(获取登录用户失败)'),(202,'2020-03-22 19:43:49','2020-03-22 19:43:49','数据库成功备份，备份文件信息：DatabaseBak [filename=db_boot_base_20200322194349.sql, filepath=D:/workspace_devloper/baseproject/base/src/main/resources/backup/]','未知(获取登录用户失败)'),(203,'2020-03-22 19:43:52','2020-03-22 19:43:52','用户【猿来入此】于【2020-03-22 19:43:52】登录系统！','猿来入此'),(204,'2020-03-22 19:43:54','2020-03-22 19:43:54','数据库成功备份，备份文件信息：DatabaseBak [filename=db_boot_base_20200322194354.sql, filepath=D:/workspace_devloper/baseproject/base/src/main/resources/backup/]','未知(获取登录用户失败)'),(205,'2020-03-22 19:43:59','2020-03-22 19:43:59','数据库成功备份，备份文件信息：DatabaseBak [filename=db_boot_base_20200322194359.sql, filepath=D:/workspace_devloper/baseproject/base/src/main/resources/backup/]','未知(获取登录用户失败)'),(206,'2020-03-22 19:44:04','2020-03-22 19:44:04','数据库成功备份，备份文件信息：DatabaseBak [filename=db_boot_base_20200322194404.sql, filepath=D:/workspace_devloper/baseproject/base/src/main/resources/backup/]','未知(获取登录用户失败)'),(207,'2020-03-22 19:44:09','2020-03-22 19:44:09','数据库成功备份，备份文件信息：DatabaseBak [filename=db_boot_base_20200322194409.sql, filepath=D:/workspace_devloper/baseproject/base/src/main/resources/backup/]','未知(获取登录用户失败)'),(208,'2020-03-22 19:44:14','2020-03-22 19:44:14','数据库成功备份，备份文件信息：DatabaseBak [filename=db_boot_base_20200322194414.sql, filepath=D:/workspace_devloper/baseproject/base/src/main/resources/backup/]','未知(获取登录用户失败)'),(209,'2020-03-22 19:44:19','2020-03-22 19:44:19','数据库成功备份，备份文件信息：DatabaseBak [filename=db_boot_base_20200322194419.sql, filepath=D:/workspace_devloper/baseproject/base/src/main/resources/backup/]','未知(获取登录用户失败)'),(210,'2020-03-22 19:44:24','2020-03-22 19:44:24','数据库成功备份，备份文件信息：DatabaseBak [filename=db_boot_base_20200322194424.sql, filepath=D:/workspace_devloper/baseproject/base/src/main/resources/backup/]','未知(获取登录用户失败)'),(211,'2020-03-22 19:44:29','2020-03-22 19:44:29','数据库成功备份，备份文件信息：DatabaseBak [filename=db_boot_base_20200322194429.sql, filepath=D:/workspace_devloper/baseproject/base/src/main/resources/backup/]','未知(获取登录用户失败)'),(212,'2020-03-22 19:44:34','2020-03-22 19:44:34','数据库成功备份，备份文件信息：DatabaseBak [filename=db_boot_base_20200322194434.sql, filepath=D:/workspace_devloper/baseproject/base/src/main/resources/backup/]','未知(获取登录用户失败)'),(213,'2020-03-22 19:44:39','2020-03-22 19:44:39','数据库成功备份，备份文件信息：DatabaseBak [filename=db_boot_base_20200322194439.sql, filepath=D:/workspace_devloper/baseproject/base/src/main/resources/backup/]','未知(获取登录用户失败)'),(214,'2020-03-22 21:11:19','2020-03-22 21:11:19','用户【猿来入此】于【2020-03-22 21:11:19】登录系统！','猿来入此'),(215,'2020-03-22 21:18:12','2020-03-22 21:18:12','用户【猿来入此】于【2020-03-22 21:18:11】登录系统！','猿来入此'),(216,'2020-03-22 21:36:47','2020-03-22 21:36:47','用户【猿来入此】于【2020-03-22 21:36:47】登录系统！','猿来入此'),(217,'2020-03-22 21:43:51','2020-03-22 21:43:51','用户【猿来入此】于【2020-03-22 21:43:51】登录系统！','猿来入此'),(218,'2020-03-23 17:41:23','2020-03-23 17:41:23','用户【猿来入此】于【2020-03-23 17:41:23】登录系统！','猿来入此'),(219,'2020-03-23 17:41:49','2020-03-23 17:41:49','添加菜单信息【Menu [name=sdadsa递四方速递, parent=null, url=https://www.yuanlrc.com/, icon=mdi-alarm-snooze, sort=0, isButton=false, isShow=true]】','猿来入此'),(220,'2020-03-23 17:42:02','2020-03-23 17:42:02','编辑菜单信息【Menu [name=sdadsa递四方速递, parent=Menu [name=null, parent=null, url=null, icon=null, sort=0, isButton=false, isShow=true], url=https://www.yuanlrc.com/, icon=mdi-alarm-snooze, sort=3, isButton=false, isShow=false]】','猿来入此'),(221,'2020-03-23 17:42:09','2020-03-23 17:42:09','删除菜单信息，菜单ID【27】','猿来入此'),(222,'2020-03-23 17:42:32','2020-03-23 17:42:32','编辑角色【sdfds水电费多少】','猿来入此'),(223,'2020-03-23 17:42:45','2020-03-23 17:42:45','编辑角色【sdfds水电费多少】','猿来入此'),(224,'2020-03-23 17:42:56','2020-03-23 17:42:56','删除角色ID【7】','猿来入此'),(225,'2020-03-23 17:43:16','2020-03-23 17:43:16','添加角色【撒旦撒】','猿来入此'),(226,'2020-03-23 17:43:29','2020-03-23 17:43:29','删除角色ID【8】','猿来入此'),(227,'2020-03-23 17:44:11','2020-03-23 17:44:11','添加用户，用户名：打撒大撒','猿来入此'),(228,'2020-03-23 17:44:29','2020-03-23 17:44:29','编辑用户，用户名：打撒大撒22','猿来入此'),(229,'2020-03-23 17:44:37','2020-03-23 17:44:37','添加用户，用户ID：6','猿来入此'),(230,'2020-03-23 17:44:55','2020-03-23 17:44:55','添加用户，用户ID：4','猿来入此'),(231,'2020-03-23 17:45:47','2020-03-23 17:45:47','编辑用户，用户名：小刘同志','猿来入此'),(232,'2020-03-23 17:46:49','2020-03-23 17:46:49','数据库成功备份，备份文件信息：DatabaseBak [filename=db_boot_base_20200323174649.sql, filepath=D:/workspace_devloper/baseproject/base/src/main/resources/backup/]','猿来入此'),(233,'2020-03-23 17:47:16','2020-03-23 17:47:16','数据库成功还原，还原文件信息：DatabaseBak [filename=db_boot_base_20200323174649.sql, filepath=D:/workspace_devloper/baseproject/base/src/main/resources/backup/]','猿来入此'),(234,'2020-03-23 17:48:15','2020-03-23 17:48:15','用户【测试账号】于【2020-03-23 17:48:15】登录系统！','测试账号'),(235,'2020-03-23 17:49:00','2020-03-23 17:49:00','编辑角色【测试角色】','测试账号'),(236,'2020-03-23 17:49:50','2020-03-23 17:49:50','用户【猿来入此】于【2020-03-23 17:49:50】登录系统！','猿来入此'),(237,'2020-03-23 17:50:03','2020-03-23 17:50:03','编辑用户，用户名：小刘同志','猿来入此'),(238,'2020-03-23 17:50:19','2020-03-23 17:50:19','编辑用户，用户名：小刘同志','猿来入此'),(239,'2020-03-23 17:50:56','2020-03-23 17:50:56','用户【猿来入此】于【2020-03-23 17:50:56】登录系统！','猿来入此'),(240,'2020-09-02 21:51:49','2020-09-02 21:51:49','用户【猿来入此】于【2020-09-02 21:51:49】登录系统！','猿来入此'),(241,'2020-09-02 21:53:16','2020-09-02 21:53:16','数据库成功备份，备份文件信息：DatabaseBak [filename=db_boot_movie_20200902215316.sql, filepath=E:/workspace-devloper/movie/src/main/resources/backup/]','猿来入此'),(242,'2020-09-02 21:53:36','2020-09-02 21:53:36','数据库成功备份，备份文件信息：DatabaseBak [filename=db_boot_movie_20200902215335.sql, filepath=E:/workspace-devloper/movie/src/main/resources/backup/]','猿来入此'),(243,'2020-09-03 19:50:21','2020-09-03 19:50:21','用户【猿来入此】于【2020-09-03 19:50:21】登录系统！','猿来入此'),(244,'2020-09-03 19:51:59','2020-09-03 19:51:59','用户【猿来入此】于【2020-09-03 19:51:59】登录系统！','猿来入此'),(245,'2020-09-03 20:29:46','2020-09-03 20:29:46','用户【猿来入此】于【2020-09-03 20:29:46】登录系统！','猿来入此'),(246,'2020-09-03 20:31:22','2020-09-03 20:31:22','添加菜单信息【Menu [name=地域管理, parent=null, url=, icon=mdi-map, sort=0, isButton=false, isShow=true]】','猿来入此'),(247,'2020-09-03 20:31:40','2020-09-03 20:31:40','编辑菜单信息【Menu [name=地域管理, parent=null, url=, icon=mdi-map, sort=20, isButton=false, isShow=true]】','猿来入此'),(248,'2020-09-03 20:32:50','2020-09-03 20:32:50','添加菜单信息【Menu [name=地域列表, parent=Menu [name=null, parent=null, url=null, icon=null, sort=0, isButton=false, isShow=true], url=/admin/area/list, icon=mdi-map-marker-multiple, sort=21, isButton=false, isShow=true]】','猿来入此'),(249,'2020-09-03 20:33:34','2020-09-03 20:33:34','添加菜单信息【Menu [name=添加, parent=Menu [name=null, parent=null, url=null, icon=null, sort=0, isButton=false, isShow=true], url=/admin/area/add, icon=mdi-map-marker-plus, sort=22, isButton=false, isShow=true]】','猿来入此'),(250,'2020-09-03 20:34:38','2020-09-03 20:34:38','添加菜单信息【Menu [name=编辑, parent=Menu [name=null, parent=null, url=null, icon=null, sort=0, isButton=false, isShow=true], url=edit(\'/admin/area/edit\'), icon=mdi-map-marker-radius, sort=23, isButton=true, isShow=true]】','猿来入此'),(251,'2020-09-03 20:35:22','2020-09-03 20:35:22','添加菜单信息【Menu [name=删除, parent=Menu [name=null, parent=null, url=null, icon=null, sort=0, isButton=false, isShow=true], url=del(\'/admin/area/delete\'), icon=mdi-map-marker-minus, sort=24, isButton=true, isShow=true]】','猿来入此'),(252,'2020-09-03 20:35:36','2020-09-03 20:35:36','编辑角色【超级管理员】','猿来入此'),(253,'2020-09-03 20:35:57','2020-09-03 20:35:57','用户【猿来入此】于【2020-09-03 20:35:57】登录系统！','猿来入此'),(254,'2020-09-03 21:05:42','2020-09-03 21:05:42','用户【猿来入此】于【2020-09-03 21:05:42】登录系统！','猿来入此'),(255,'2020-09-03 21:29:32','2020-09-03 21:29:32','用户【猿来入此】于【2020-09-03 21:29:32】登录系统！','猿来入此'),(256,'2020-09-06 16:09:21','2020-09-06 16:09:21','用户【猿来入此】于【2020-09-06 16:09:21】登录系统！','猿来入此'),(257,'2020-09-06 16:15:20','2020-09-06 16:15:20','用户【猿来入此】于【2020-09-06 16:15:20】登录系统！','猿来入此'),(258,'2020-09-06 16:20:39','2020-09-06 16:20:39','用户【猿来入此】于【2020-09-06 16:20:39】登录系统！','猿来入此'),(259,'2020-09-06 16:27:42','2020-09-06 16:27:42','用户【猿来入此】于【2020-09-06 16:27:42】登录系统！','猿来入此'),(260,'2020-09-06 16:40:47','2020-09-06 16:40:47','用户【猿来入此】于【2020-09-06 16:40:47】登录系统！','猿来入此'),(261,'2020-09-06 16:50:05','2020-09-06 16:50:05','用户【猿来入此】于【2020-09-06 16:50:05】登录系统！','猿来入此'),(262,'2020-09-06 17:51:37','2020-09-06 17:51:37','用户【猿来入此】于【2020-09-06 17:51:37】登录系统！','猿来入此'),(263,'2020-09-06 17:55:12','2020-09-06 17:55:12','添加菜单信息【Menu [name=获取省份下的城市列表, parent=Menu [name=null, parent=null, url=null, icon=null, sort=0, isButton=false, isShow=true], url=/admin/area/get_citys, icon=mdi-format-list-bulleted, sort=0, isButton=false, isShow=false]】','猿来入此'),(264,'2020-09-06 17:55:20','2020-09-06 17:55:20','编辑角色【超级管理员】','猿来入此'),(265,'2020-09-06 17:55:31','2020-09-06 17:55:31','用户【猿来入此】于【2020-09-06 17:55:31】登录系统！','猿来入此'),(266,'2020-09-06 18:10:40','2020-09-06 18:10:40','添加菜单信息【Menu [name=电影管理, parent=null, url=/admin/movie/list, icon=mdi-movie, sort=0, isButton=false, isShow=true]】','猿来入此'),(267,'2020-09-06 18:10:56','2020-09-06 18:10:56','编辑菜单信息【Menu [name=获取省份下的城市列表, parent=Menu [name=null, parent=null, url=null, icon=null, sort=0, isButton=false, isShow=true], url=/admin/area/get_citys, icon=mdi-format-list-bulleted, sort=25, isButton=false, isShow=false]】','猿来入此'),(268,'2020-09-06 18:11:04','2020-09-06 18:11:04','编辑菜单信息【Menu [name=电影管理, parent=null, url=/admin/movie/list, icon=mdi-movie, sort=26, isButton=false, isShow=true]】','猿来入此'),(269,'2020-09-06 18:12:51','2020-09-06 18:12:51','添加菜单信息【Menu [name=电影列表, parent=Menu [name=null, parent=null, url=null, icon=null, sort=0, isButton=false, isShow=true], url=/admin/movie/list, icon=mdi-microsoft, sort=28, isButton=false, isShow=true]】','猿来入此'),(270,'2020-09-06 18:13:10','2020-09-06 18:13:10','编辑菜单信息【Menu [name=电影管理, parent=null, url=, icon=mdi-movie, sort=26, isButton=false, isShow=true]】','猿来入此'),(271,'2020-09-06 18:16:11','2020-09-06 18:16:11','添加菜单信息【Menu [name=添加, parent=Menu [name=null, parent=null, url=null, icon=null, sort=0, isButton=false, isShow=true], url=/admin/movie/add, icon=mdi-plus-circle, sort=29, isButton=false, isShow=true]】','猿来入此'),(272,'2020-09-06 18:16:54','2020-09-06 18:16:54','添加菜单信息【Menu [name=编辑, parent=Menu [name=null, parent=null, url=null, icon=null, sort=0, isButton=false, isShow=true], url=/admin/movie/edit, icon=mdi-border-color, sort=30, isButton=false, isShow=true]】','猿来入此'),(273,'2020-09-06 18:18:09','2020-09-06 18:18:09','添加菜单信息【Menu [name=删除, parent=Menu [name=null, parent=null, url=null, icon=null, sort=0, isButton=false, isShow=true], url=del(\'/admin/movie/delete\'), icon=mdi-minus-circle, sort=31, isButton=true, isShow=true]】','猿来入此'),(274,'2020-09-06 18:18:24','2020-09-06 18:18:24','编辑角色【超级管理员】','猿来入此'),(275,'2020-09-06 19:51:35','2020-09-06 19:51:35','用户【猿来入此】于【2020-09-06 19:51:35】登录系统！','猿来入此'),(276,'2020-09-06 20:52:28','2020-09-06 20:52:28','用户【猿来入此】于【2020-09-06 20:52:28】登录系统！','猿来入此'),(277,'2020-09-13 14:19:44','2020-09-13 14:19:44','用户【猿来入此】于【2020-09-13 14:19:44】登录系统！','猿来入此'),(278,'2020-09-13 14:45:57','2020-09-13 14:45:57','添加菜单信息【Menu [name=上传视频, parent=Menu [name=null, parent=null, url=null, icon=null, sort=0, isButton=false, isShow=true], url=/upload/upload_video, icon=mdi-arrow-expand-up, sort=0, isButton=true, isShow=false]】','猿来入此'),(279,'2020-09-13 14:46:07','2020-09-13 14:46:07','编辑角色【超级管理员】','猿来入此'),(280,'2020-09-13 14:46:17','2020-09-13 14:46:17','用户【猿来入此】于【2020-09-13 14:46:17】登录系统！','猿来入此'),(281,'2020-09-13 16:11:12','2020-09-13 16:11:12','用户【猿来入此】于【2020-09-13 16:11:11】登录系统！','猿来入此'),(282,'2020-09-13 16:57:40','2020-09-13 16:57:40','用户【猿来入此】于【2020-09-13 16:57:40】登录系统！','猿来入此'),(283,'2020-09-13 17:13:20','2020-09-13 17:13:20','用户【猿来入此】于【2020-09-13 17:13:20】登录系统！','猿来入此'),(284,'2020-09-13 17:44:29','2020-09-13 17:44:29','用户【猿来入此】于【2020-09-13 17:44:29】登录系统！','猿来入此'),(285,'2020-09-13 17:51:37','2020-09-13 17:51:37','用户【猿来入此】于【2020-09-13 17:51:37】登录系统！','猿来入此'),(286,'2020-09-13 18:04:26','2020-09-13 18:04:26','用户【猿来入此】于【2020-09-13 18:04:26】登录系统！','猿来入此'),(287,'2020-09-13 18:23:27','2020-09-13 18:23:27','用户【猿来入此】于【2020-09-13 18:23:27】登录系统！','猿来入此'),(288,'2020-09-13 18:30:50','2020-09-13 18:30:50','编辑菜单信息【Menu [name=编辑, parent=Menu [name=null, parent=null, url=null, icon=null, sort=0, isButton=false, isShow=true], url=edit(\'/admin/movie/edit\'), icon=mdi-border-color, sort=30, isButton=true, isShow=true]】','猿来入此'),(289,'2020-09-13 18:32:37','2020-09-13 18:32:37','用户【猿来入此】于【2020-09-13 18:32:37】登录系统！','猿来入此'),(290,'2020-09-13 18:40:53','2020-09-13 18:40:53','用户【猿来入此】于【2020-09-13 18:40:52】登录系统！','猿来入此'),(291,'2020-09-13 19:27:28','2020-09-13 19:27:28','用户【猿来入此】于【2020-09-13 19:27:28】登录系统！','猿来入此'),(292,'2020-09-13 20:13:23','2020-09-13 20:13:23','用户【猿来入此】于【2020-09-13 20:13:23】登录系统！','猿来入此'),(293,'2020-09-13 20:55:45','2020-09-13 20:55:45','用户【猿来入此】于【2020-09-13 20:55:45】登录系统！','猿来入此'),(294,'2020-09-13 20:58:28','2020-09-13 20:58:28','添加菜单信息【Menu [name=影院管理, parent=null, url=, icon=mdi-store, sort=0, isButton=false, isShow=true]】','猿来入此'),(295,'2020-09-13 20:58:39','2020-09-13 20:58:39','编辑菜单信息【Menu [name=上传视频, parent=Menu [name=null, parent=null, url=null, icon=null, sort=0, isButton=false, isShow=true], url=/upload/upload_video, icon=mdi-arrow-expand-up, sort=32, isButton=true, isShow=false]】','猿来入此'),(296,'2020-09-13 20:58:47','2020-09-13 20:58:47','编辑菜单信息【Menu [name=影院管理, parent=null, url=, icon=mdi-store, sort=33, isButton=false, isShow=true]】','猿来入此'),(297,'2020-09-13 21:00:02','2020-09-13 21:00:02','添加菜单信息【Menu [name=影院列表, parent=Menu [name=null, parent=null, url=null, icon=null, sort=0, isButton=false, isShow=true], url=/admin/cinema/list, icon=mdi-raspberrypi, sort=34, isButton=false, isShow=true]】','猿来入此'),(298,'2020-09-13 21:02:55','2020-09-13 21:02:55','添加菜单信息【Menu [name=添加, parent=Menu [name=null, parent=null, url=null, icon=null, sort=0, isButton=false, isShow=true], url=/admin/cinema/add, icon=mdi-loupe, sort=35, isButton=false, isShow=true]】','猿来入此'),(299,'2020-09-13 21:03:42','2020-09-13 21:03:42','添加菜单信息【Menu [name=编辑, parent=Menu [name=null, parent=null, url=null, icon=null, sort=0, isButton=false, isShow=true], url=edit(\'/admin/cinema/edit\'), icon=mdi-pencil, sort=35, isButton=true, isShow=true]】','猿来入此'),(300,'2020-09-13 21:03:51','2020-09-13 21:03:51','编辑菜单信息【Menu [name=编辑, parent=Menu [name=null, parent=null, url=null, icon=null, sort=0, isButton=false, isShow=true], url=edit(\'/admin/cinema/edit\'), icon=mdi-pencil, sort=36, isButton=true, isShow=true]】','猿来入此'),(301,'2020-09-13 21:04:28','2020-09-13 21:04:28','添加菜单信息【Menu [name=删除, parent=Menu [name=null, parent=null, url=null, icon=null, sort=0, isButton=false, isShow=true], url=del(\'/admin/cinema/delete\'), icon=mdi-close, sort=37, isButton=true, isShow=true]】','猿来入此'),(302,'2020-09-13 21:04:38','2020-09-13 21:04:38','编辑角色【超级管理员】','猿来入此'),(303,'2020-09-13 21:06:49','2020-09-13 21:06:49','用户【猿来入此】于【2020-09-13 21:06:49】登录系统！','猿来入此'),(304,'2020-09-14 18:56:28','2020-09-14 18:56:28','用户【猿来入此】于【2020-09-14 18:56:28】登录系统！','猿来入此'),(305,'2020-09-14 19:30:50','2020-09-14 19:30:50','添加菜单信息【Menu [name=获取城市下的区列表, parent=Menu [name=null, parent=null, url=null, icon=null, sort=0, isButton=false, isShow=true], url=/admin/area/get_districts, icon=mdi-circle-outline, sort=39, isButton=true, isShow=false]】','猿来入此'),(306,'2020-09-14 19:31:15','2020-09-14 19:31:15','编辑菜单信息【Menu [name=获取城市下的区列表, parent=Menu [name=null, parent=null, url=null, icon=null, sort=0, isButton=false, isShow=true], url=/admin/area/get_districts, icon=mdi-circle-outline, sort=38, isButton=true, isShow=false]】','猿来入此'),(307,'2020-09-14 19:31:32','2020-09-14 19:31:32','编辑角色【超级管理员】','猿来入此'),(308,'2020-09-14 19:31:42','2020-09-14 19:31:42','用户【猿来入此】于【2020-09-14 19:31:42】登录系统！','猿来入此'),(309,'2020-09-14 20:35:29','2020-09-14 20:35:29','用户【猿来入此】于【2020-09-14 20:35:29】登录系统！','猿来入此'),(310,'2020-09-15 19:43:24','2020-09-15 19:43:24','用户【猿来入此】于【2020-09-15 19:43:24】登录系统！','猿来入此'),(311,'2020-09-15 19:44:19','2020-09-15 19:44:19','添加菜单信息【Menu [name=影厅管理, parent=null, url=, icon=mdi-hospital-building, sort=40, isButton=false, isShow=true]】','猿来入此'),(312,'2020-09-15 19:44:34','2020-09-15 19:44:34','编辑菜单信息【Menu [name=影厅管理, parent=null, url=, icon=mdi-hospital-building, sort=39, isButton=false, isShow=true]】','猿来入此'),(313,'2020-09-15 19:45:06','2020-09-15 19:45:06','添加菜单信息【Menu [name=影厅列表, parent=Menu [name=null, parent=null, url=null, icon=null, sort=0, isButton=false, isShow=true], url=/admin/cinema_hall/list, icon=mdi-houzz, sort=41, isButton=false, isShow=true]】','猿来入此'),(314,'2020-09-15 19:46:22','2020-09-15 19:46:22','添加菜单信息【Menu [name=添加, parent=Menu [name=null, parent=null, url=null, icon=null, sort=0, isButton=false, isShow=true], url=/admin/cinema_hall/add, icon=mdi-table-row-plus-after, sort=42, isButton=false, isShow=true]】','猿来入此'),(315,'2020-09-15 19:47:06','2020-09-15 19:47:06','添加菜单信息【Menu [name=编辑, parent=Menu [name=null, parent=null, url=null, icon=null, sort=0, isButton=false, isShow=true], url=edit(\'/admin/cinema_hall/edit\'), icon=mdi-eyedropper-variant, sort=43, isButton=true, isShow=true]】','猿来入此'),(316,'2020-09-15 19:47:37','2020-09-15 19:47:37','添加菜单信息【Menu [name=删除, parent=Menu [name=null, parent=null, url=null, icon=null, sort=0, isButton=false, isShow=true], url=del(\'/admin/cinema_hall/delete\'), icon=mdi-close, sort=44, isButton=true, isShow=true]】','猿来入此'),(317,'2020-09-15 19:48:36','2020-09-15 19:48:36','添加菜单信息【Menu [name=编辑座位, parent=Menu [name=null, parent=null, url=null, icon=null, sort=0, isButton=false, isShow=true], url=editSeat(\'/admin/cinema_hall/edit_seat\'), icon=mdi-gate, sort=45, isButton=true, isShow=true]】','猿来入此'),(318,'2020-09-15 19:48:46','2020-09-15 19:48:46','编辑角色【超级管理员】','猿来入此'),(319,'2020-09-15 19:53:18','2020-09-15 19:53:18','用户【猿来入此】于【2020-09-15 19:53:18】登录系统！','猿来入此'),(320,'2020-09-15 20:00:45','2020-09-15 20:00:45','用户【猿来入此】于【2020-09-15 20:00:45】登录系统！','猿来入此'),(321,'2020-09-15 20:05:50','2020-09-15 20:05:50','用户【猿来入此】于【2020-09-15 20:05:50】登录系统！','猿来入此'),(322,'2020-09-16 19:52:39','2020-09-16 19:52:39','用户【猿来入此】于【2020-09-16 19:52:39】登录系统！','猿来入此'),(323,'2020-09-16 20:02:39','2020-09-16 20:02:39','用户【猿来入此】于【2020-09-16 20:02:39】登录系统！','猿来入此'),(324,'2020-09-16 21:13:51','2020-09-16 21:13:51','用户【猿来入此】于【2020-09-16 21:13:51】登录系统！','猿来入此'),(325,'2020-09-16 21:22:13','2020-09-16 21:22:13','用户【猿来入此】于【2020-09-16 21:22:13】登录系统！','猿来入此'),(326,'2020-09-16 21:36:23','2020-09-16 21:36:23','用户【猿来入此】于【2020-09-16 21:36:23】登录系统！','猿来入此'),(327,'2020-09-17 19:52:06','2020-09-17 19:52:06','用户【猿来入此】于【2020-09-17 19:52:06】登录系统！','猿来入此'),(328,'2020-09-17 19:53:01','2020-09-17 19:53:01','添加菜单信息【Menu [name=排片管理, parent=null, url=, icon=mdi-filmstrip, sort=46, isButton=false, isShow=true]】','猿来入此'),(329,'2020-09-17 19:55:38','2020-09-17 19:55:38','添加菜单信息【Menu [name=场次列表, parent=Menu [name=null, parent=null, url=null, icon=null, sort=0, isButton=false, isShow=true], url=/admin/cinema_hall_session/list, icon=mdi-film, sort=47, isButton=false, isShow=true]】','猿来入此'),(330,'2020-09-17 19:56:32','2020-09-17 19:56:32','添加菜单信息【Menu [name=添加, parent=Menu [name=null, parent=null, url=null, icon=null, sort=0, isButton=false, isShow=true], url=/admin/cinema_hall_session/add, icon=mdi-plus-circle, sort=48, isButton=false, isShow=true]】','猿来入此'),(331,'2020-09-17 19:57:03','2020-09-17 19:57:03','添加菜单信息【Menu [name=编辑, parent=Menu [name=null, parent=null, url=null, icon=null, sort=0, isButton=false, isShow=true], url=edit(\'/admin/cinema_hall_session/edit\'), icon=mdi-border-color, sort=49, isButton=true, isShow=true]】','猿来入此'),(332,'2020-09-17 19:57:33','2020-09-17 19:57:33','添加菜单信息【Menu [name=删除, parent=Menu [name=null, parent=null, url=null, icon=null, sort=0, isButton=false, isShow=true], url=del(\'/admin/cinema_hall_session/delete\'), icon=mdi-filmstrip-off, sort=50, isButton=true, isShow=true]】','猿来入此'),(333,'2020-09-17 19:57:45','2020-09-17 19:57:45','编辑角色【超级管理员】','猿来入此'),(334,'2020-09-17 20:03:43','2020-09-17 20:03:43','添加菜单信息【Menu [name=根据影院查找所属影厅, parent=Menu [name=null, parent=null, url=null, icon=null, sort=0, isButton=false, isShow=true], url=/admin/cinema_hall/get_cinema_halls, icon=mdi-autorenew, sort=51, isButton=false, isShow=false]】','猿来入此'),(335,'2020-09-17 20:03:55','2020-09-17 20:03:55','编辑角色【超级管理员】','猿来入此'),(336,'2020-09-17 20:11:44','2020-09-17 20:11:44','用户【猿来入此】于【2020-09-17 20:11:44】登录系统！','猿来入此'),(337,'2020-09-17 20:34:48','2020-09-17 20:34:48','用户【猿来入此】于【2020-09-17 20:34:48】登录系统！','猿来入此'),(338,'2020-09-17 21:33:39','2020-09-17 21:33:39','用户【猿来入此】于【2020-09-17 21:33:39】登录系统！','猿来入此'),(339,'2020-09-19 10:34:05','2020-09-19 10:34:05','用户【猿来入此】于【2020-09-19 10:34:05】登录系统！','猿来入此'),(340,'2020-09-19 10:46:49','2020-09-19 10:46:49','用户【猿来入此】于【2020-09-19 10:46:49】登录系统！','猿来入此'),(341,'2020-09-19 13:06:51','2020-09-19 13:06:51','用户【猿来入此】于【2020-09-19 13:06:51】登录系统！','猿来入此'),(342,'2020-09-19 13:10:44','2020-09-19 13:10:44','用户【猿来入此】于【2020-09-19 13:10:44】登录系统！','猿来入此'),(343,'2020-09-19 21:38:05','2020-09-19 21:38:05','用户【猿来入此】于【2020-09-19 21:38:05】登录系统！','猿来入此'),(344,'2020-09-19 22:09:05','2020-09-19 22:09:05','用户【猿来入此】于【2020-09-19 22:09:05】登录系统！','猿来入此'),(345,'2020-09-20 01:00:00','2020-09-20 01:00:00','数据库成功备份，备份文件信息：DatabaseBak [filename=db_boot_movie_20200920010000.sql, filepath=E:/workspace-devloper/movie/src/main/resources/backup/]','未知(获取登录用户失败)');
/*!40000 ALTER TABLE `ylrc_operater_log` ENABLE KEYS */;
UNLOCK TABLES;

--
-- Table structure for table `ylrc_role`
--

DROP TABLE IF EXISTS `ylrc_role`;
/*!40101 SET @saved_cs_client     = @@character_set_client */;
/*!40101 SET character_set_client = utf8 */;
CREATE TABLE `ylrc_role` (
  `id` bigint(20) NOT NULL AUTO_INCREMENT,
  `create_time` datetime NOT NULL,
  `update_time` datetime NOT NULL,
  `name` varchar(18) NOT NULL,
  `remark` varchar(128) DEFAULT NULL,
  `status` int(11) DEFAULT NULL,
  PRIMARY KEY (`id`)
) ENGINE=InnoDB AUTO_INCREMENT=5 DEFAULT CHARSET=utf8;
/*!40101 SET character_set_client = @saved_cs_client */;

--
-- Dumping data for table `ylrc_role`
--

LOCK TABLES `ylrc_role` WRITE;
/*!40000 ALTER TABLE `ylrc_role` DISABLE KEYS */;
INSERT INTO `ylrc_role` VALUES (1,'2020-03-15 13:16:38','2020-09-17 20:03:54','超级管理员','超级管理员拥有最高权限。',1),(2,'2020-03-15 13:18:57','2020-03-21 22:18:43','普通管理员','普通管理员只有部分权限',1),(4,'2020-03-21 20:11:00','2020-03-23 17:49:00','测试角色','sadsa',0);
/*!40000 ALTER TABLE `ylrc_role` ENABLE KEYS */;
UNLOCK TABLES;

--
-- Table structure for table `ylrc_role_authorities`
--

DROP TABLE IF EXISTS `ylrc_role_authorities`;
/*!40101 SET @saved_cs_client     = @@character_set_client */;
/*!40101 SET character_set_client = utf8 */;
CREATE TABLE `ylrc_role_authorities` (
  `role_id` bigint(20) NOT NULL,
  `authorities_id` bigint(20) NOT NULL,
  KEY `FKhj7ap1o1cjrl7enr9arf5f2qp` (`authorities_id`),
  KEY `FKg3xdaexmr0x1qx8omhvjtk46d` (`role_id`),
  CONSTRAINT `FKg3xdaexmr0x1qx8omhvjtk46d` FOREIGN KEY (`role_id`) REFERENCES `ylrc_role` (`id`),
  CONSTRAINT `FKhj7ap1o1cjrl7enr9arf5f2qp` FOREIGN KEY (`authorities_id`) REFERENCES `ylrc_menu` (`id`)
) ENGINE=InnoDB DEFAULT CHARSET=utf8;
/*!40101 SET character_set_client = @saved_cs_client */;

--
-- Dumping data for table `ylrc_role_authorities`
--

LOCK TABLES `ylrc_role_authorities` WRITE;
/*!40000 ALTER TABLE `ylrc_role_authorities` DISABLE KEYS */;
INSERT INTO `ylrc_role_authorities` VALUES (2,2),(2,3),(2,5),(2,7),(2,11),(2,13),(2,16),(4,2),(4,13),(4,15),(1,2),(1,3),(1,5),(1,8),(1,9),(1,7),(1,10),(1,11),(1,12),(1,13),(1,14),(1,15),(1,16),(1,19),(1,20),(1,21),(1,22),(1,23),(1,24),(1,25),(1,26),(1,27),(1,28),(1,29),(1,30),(1,31),(1,32),(1,44),(1,33),(1,34),(1,35),(1,36),(1,37),(1,38),(1,39),(1,40),(1,41),(1,42),(1,43),(1,45),(1,46),(1,47),(1,48),(1,49),(1,50),(1,56),(1,51),(1,52),(1,53),(1,54),(1,55);
/*!40000 ALTER TABLE `ylrc_role_authorities` ENABLE KEYS */;
UNLOCK TABLES;

--
-- Table structure for table `ylrc_user`
--

DROP TABLE IF EXISTS `ylrc_user`;
/*!40101 SET @saved_cs_client     = @@character_set_client */;
/*!40101 SET character_set_client = utf8 */;
CREATE TABLE `ylrc_user` (
  `id` bigint(20) NOT NULL AUTO_INCREMENT,
  `create_time` datetime NOT NULL,
  `update_time` datetime NOT NULL,
  `email` varchar(32) DEFAULT NULL,
  `head_pic` varchar(128) DEFAULT NULL,
  `mobile` varchar(12) DEFAULT NULL,
  `password` varchar(32) NOT NULL,
  `sex` int(11) DEFAULT NULL,
  `status` int(11) DEFAULT NULL,
  `username` varchar(18) NOT NULL,
  `role_id` bigint(20) DEFAULT NULL,
  PRIMARY KEY (`id`),
  UNIQUE KEY `UK_btsosjytrl4hu7fnm1intcpo8` (`username`),
  KEY `FKg09b8o67eu61st68rv6nk8npj` (`role_id`),
  CONSTRAINT `FKg09b8o67eu61st68rv6nk8npj` FOREIGN KEY (`role_id`) REFERENCES `ylrc_role` (`id`)
) ENGINE=InnoDB AUTO_INCREMENT=6 DEFAULT CHARSET=utf8;
/*!40101 SET character_set_client = @saved_cs_client */;

--
-- Dumping data for table `ylrc_user`
--

LOCK TABLES `ylrc_user` WRITE;
/*!40000 ALTER TABLE `ylrc_user` DISABLE KEYS */;
INSERT INTO `ylrc_user` VALUES (1,'2020-03-18 19:18:53','2020-03-22 12:43:54','ylrc@qq.com','20200322/1584850135123.jpg','13356565656','123456',1,1,'猿来入此',1),(2,'2020-03-18 19:20:36','2020-03-21 22:18:55','llq@qq.com','20200318/1584530412075.jpg','13918655656','123456',1,1,'测试账号',2),(5,'2020-03-20 20:42:19','2020-03-23 17:50:19','yw@qq.com','20200323/1584956702094.png','13356565656','123456',1,1,'小刘同志',4);
/*!40000 ALTER TABLE `ylrc_user` ENABLE KEYS */;
UNLOCK TABLES;
/*!40103 SET TIME_ZONE=@OLD_TIME_ZONE */;

/*!40101 SET SQL_MODE=@OLD_SQL_MODE */;
/*!40014 SET FOREIGN_KEY_CHECKS=@OLD_FOREIGN_KEY_CHECKS */;
/*!40014 SET UNIQUE_CHECKS=@OLD_UNIQUE_CHECKS */;
/*!40101 SET CHARACTER_SET_CLIENT=@OLD_CHARACTER_SET_CLIENT */;
/*!40101 SET CHARACTER_SET_RESULTS=@OLD_CHARACTER_SET_RESULTS */;
/*!40101 SET COLLATION_CONNECTION=@OLD_COLLATION_CONNECTION */;
/*!40111 SET SQL_NOTES=@OLD_SQL_NOTES */;

-- Dump completed on 2020-09-20  1:00:00
